,ALL_Thiomonas_arsenitoxydans_strain_3As_NC_014145,ALL_Thiomonas_intermedia_K12_NC_014153,ALL_Thiomonas_intermedia_strain_ATCC_15466_NZ_CP020046,ALL_Thiomonas_sp_Bio17B3_chromosome_BIO17B3_NZ_LR131947,ALL_Thiomonas_sp_CB2_chromosome_CB2_NZ_LR131956,ALL_Thiomonas_sp_OC7_chromosome_OC7_NZ_LR131953,ALL_Thiomonas_sp_Sup16B3_chromosome_SUP16B3_NZ_LR131950,ALL_Thiomonas_sp_X19_chromosome_THIX_NZ_LT605203
THI_RS11115,1,1,1,1,1,1,1,1
TINT_RS10465,1,1,1,1,1,1,1,1
BVH73_RS02215,1,1,1,1,1,1,1,1
GO970_RS16105,1,1,1,1,1,1,1,1
GO948_RS02570,1,1,1,1,1,1,1,1
TOC7_RS16205,1,1,1,1,1,1,1,1
GO985_RS14590,1,1,1,1,1,1,1,1
THIX_RS01690,1,1,1,1,1,1,1,1
THI_RS13455,1,1,1,1,1,1,1,1
TINT_RS12625,1,1,1,1,1,1,1,1
BVH73_RS10845,1,1,1,1,1,1,1,1
GO970_RS05745,1,1,1,1,1,1,1,1
GO948_RS12855,1,1,1,1,1,1,1,1
TOC7_RS05745,1,1,1,1,1,1,1,1
GO985_RS06325,1,1,1,1,1,1,1,1
THIX_RS19720,1,1,1,1,1,1,1,1
THI_RS14960,1,1,1,1,1,1,1,1
TINT_RS13545,1,1,1,1,1,1,1,1
BVH73_RS10025,1,1,1,1,1,1,1,1
GO970_RS06645,1,1,1,1,1,1,1,1
GO948_RS11955,1,1,1,1,1,1,1,1
TOC7_RS06645,1,1,1,1,1,1,1,1
GO985_RS05425,1,1,1,1,1,1,1,1
THIX_RS01900,1,1,1,1,1,1,1,1
THI_RS17570,1,1,1,1,1,1,1,1
TINT_RS15950,1,1,1,1,1,1,1,1
BVH73_RS08215,1,1,1,1,1,1,1,1
GO970_RS09275,1,1,1,1,1,1,1,1
GO948_RS09340,1,1,1,1,1,1,1,1
TOC7_RS09290,1,1,1,1,1,1,1,1
GO985_RS02785,1,1,1,1,1,1,1,1
THIX_RS02055,1,1,1,1,1,1,1,1
THI_RS01515,1,1,1,1,1,1,1,1
TINT_RS01450,1,1,1,1,1,1,1,1
BVH73_RS05990,1,1,1,1,1,1,1,1
GO970_RS10980,1,1,1,1,1,1,1,1
GO948_RS07655,1,1,1,1,1,1,1,1
TOC7_RS11010,1,1,1,1,1,1,1,1
GO985_RS01080,1,1,1,1,1,1,1,1
THIX_RS01740,1,1,1,1,1,1,1,1
THI_RS04845,1,1,1,1,1,1,1,1
TINT_RS04130,1,1,1,1,1,1,1,1
BVH73_RS03880,1,1,1,1,1,1,1,1
GO970_RS04790,1,1,1,1,1,1,1,1
GO948_RS13815,1,1,1,1,1,1,1,1
TOC7_RS04765,1,1,1,1,1,1,1,1
GO985_RS07270,1,1,1,1,1,1,1,1
THIX_RS20185,1,1,1,1,1,1,1,1
THI_RS05100,1,1,1,1,1,1,1,1
TINT_RS04370,1,1,1,1,1,1,1,1
BVH73_RS03675,1,1,1,1,1,1,1,1
GO970_RS04545,1,1,1,1,1,1,1,1
GO948_RS14060,1,1,1,1,1,1,1,1
TOC7_RS04520,1,1,1,1,1,1,1,1
GO985_RS07515,1,1,1,1,1,1,1,1
THIX_RS19950,1,1,1,1,1,1,1,1
THI_RS00245,1,1,1,1,1,1,1,1
TINT_RS00260,1,1,1,1,1,1,1,1
BVH73_RS08770,1,1,1,1,1,1,1,1
GO970_RS09700,1,1,1,1,1,1,1,1
GO948_RS08940,1,1,1,1,1,1,1,1
TOC7_RS09710,1,1,1,1,1,1,1,1
GO985_RS02365,1,1,1,1,1,1,1,1
THIX_RS05635,1,1,1,1,1,1,1,1
THI_RS12040,1,1,1,1,1,1,1,1
TINT_RS11285,1,1,1,1,1,1,1,1
BVH73_RS12035,1,1,1,1,1,1,1,1
GO970_RS15320,1,1,1,1,1,1,1,1
GO948_RS03355,1,1,1,1,1,1,1,1
TOC7_RS15420,1,1,1,1,1,1,1,1
GO985_RS15375,1,1,1,1,1,1,1,1
THIX_RS09990,1,1,1,1,1,1,1,1
THI_RS09980,1,1,1,1,1,1,1,1
TINT_RS08800,1,1,1,1,1,1,1,1
BVH73_RS15865,1,1,1,1,1,1,1,1
GO970_RS18040,1,1,1,1,1,1,1,1
GO948_RS00630,1,1,1,1,1,1,1,1
TOC7_RS18155,1,1,1,1,1,1,1,1
GO985_RS12655,1,1,1,1,1,1,1,1
THIX_RS13625,1,1,1,1,1,1,1,1
THI_RS04905,1,1,1,1,1,1,1,1
TINT_RS04190,1,1,1,1,1,1,1,1
BVH73_RS03820,1,1,1,1,1,1,1,1
GO970_RS04730,1,1,1,1,1,1,1,1
GO948_RS13875,1,1,1,1,1,1,1,1
TOC7_RS04705,1,1,1,1,1,1,1,1
GO985_RS07330,1,1,1,1,1,1,1,1
THIX_RS03015,1,1,1,1,1,1,1,1
THI_RS10095,1,1,1,1,1,1,1,1
TINT_RS08915,1,1,1,1,1,1,1,1
BVH73_RS13395,1,1,1,1,1,1,1,1
GO970_RS17920,1,1,1,1,1,1,1,1
GO948_RS00750,1,1,1,1,1,1,1,1
TOC7_RS18035,1,1,1,1,1,1,1,1
GO985_RS12775,1,1,1,1,1,1,1,1
THIX_RS15710,1,1,1,1,1,1,1,1
THI_RS13720,1,1,1,1,1,1,1,1
TINT_RS12890,1,1,1,1,1,1,1,1
BVH73_RS10600,1,1,1,1,1,1,1,1
GO970_RS06005,1,1,1,1,1,1,1,1
GO948_RS12595,1,1,1,1,1,1,1,1
TOC7_RS06005,1,1,1,1,1,1,1,1
GO985_RS06065,1,1,1,1,1,1,1,1
THIX_RS09450,1,1,1,1,1,1,1,1
THI_RS07790,1,1,1,1,1,1,1,1
TINT_RS06890,1,1,1,1,1,1,1,1
BVH73_RS00210,1,1,1,1,1,1,1,1
GO970_RS01175,1,1,1,1,1,1,1,1
GO948_RS17415,1,1,1,1,1,1,1,1
TOC7_RS01165,1,1,1,1,1,1,1,1
GO985_RS10875,1,1,1,1,1,1,1,1
THIX_RS10580,1,1,1,1,1,1,1,1
THI_RS08560,1,1,1,1,1,1,1,1
TINT_RS07380,1,1,1,1,1,1,1,1
BVH73_RS15300,1,1,1,1,1,1,1,1
GO970_RS00565,1,1,1,1,1,1,1,1
GO948_RS18025,1,1,1,1,1,1,1,1
TOC7_RS00555,1,1,1,1,1,1,1,1
GO985_RS11480,1,1,1,1,1,1,1,1
THIX_RS17925,1,1,1,1,1,1,1,1
THI_RS09865,1,1,1,1,1,1,1,1
TINT_RS08685,1,1,1,1,1,1,1,1
BVH73_RS13630,1,1,1,1,1,1,1,1
GO970_RS18160,1,1,1,1,1,1,1,1
GO948_RS00510,1,1,1,1,1,1,1,1
TOC7_RS18275,1,1,1,1,1,1,1,1
GO985_RS12535,1,1,1,1,1,1,1,1
THIX_RS09635,1,1,1,1,1,1,1,1
THI_RS11250,1,1,1,1,1,1,1,1
TINT_RS10600,1,1,1,1,1,1,1,1
BVH73_RS02350,1,1,1,1,1,1,1,1
GO970_RS15970,1,1,1,1,1,1,1,1
GO948_RS02705,1,1,1,1,1,1,1,1
TOC7_RS16070,1,1,1,1,1,1,1,1
GO985_RS14725,1,1,1,1,1,1,1,1
THIX_RS17385,1,1,1,1,1,1,1,1
THI_RS15515,1,1,1,1,1,1,1,1
TINT_RS14075,1,1,1,1,1,1,1,1
BVH73_RS06605,1,1,1,1,1,1,1,1
GO970_RS07185,1,1,1,1,1,1,1,1
GO948_RS11415,1,1,1,1,1,1,1,1
TOC7_RS07200,1,1,1,1,1,1,1,1
GO985_RS04880,1,1,1,1,1,1,1,1
THIX_RS03615,1,1,1,1,1,1,1,1
THI_RS00715,1,1,1,1,1,1,1,1
TINT_RS00690,1,1,1,1,1,1,1,1
BVH73_RS09265,1,1,1,1,1,1,1,1
GO970_RS10060,1,1,1,1,1,1,1,1
GO948_RS08580,1,1,1,1,1,1,1,1
TOC7_RS10070,1,1,1,1,1,1,1,1
GO985_RS02005,1,1,1,1,1,1,1,1
THIX_RS02740,1,1,1,1,1,1,1,1
THI_RS13490,1,1,1,1,1,1,1,1
TINT_RS12660,1,1,1,1,1,1,1,1
BVH73_RS10810,1,1,1,1,1,1,1,1
GO970_RS05780,1,1,1,1,1,1,1,1
GO948_RS12820,1,1,1,1,1,1,1,1
TOC7_RS05780,1,1,1,1,1,1,1,1
GO985_RS06290,1,1,1,1,1,1,1,1
THIX_RS07320,1,1,1,1,1,1,1,1
THI_RS06750,1,1,1,1,1,1,1,1
TINT_RS05805,1,1,1,1,1,1,1,1
BVH73_RS00700,1,1,1,1,1,1,1,1
GO970_RS02270,1,1,1,1,1,1,1,1
GO948_RS16320,1,1,1,1,1,1,1,1
TOC7_RS02260,1,1,1,1,1,1,1,1
GO985_RS09780,1,1,1,1,1,1,1,1
THIX_RS00945,1,1,1,1,1,1,1,1
THI_RS08000,1,1,1,1,1,1,1,1
TINT_RS06955,1,1,1,1,1,1,1,1
BVH73_RS14865,1,1,1,1,1,1,1,1
GO970_RS01110,1,1,1,1,1,1,1,1
GO948_RS17480,1,1,1,1,1,1,1,1
TOC7_RS01100,1,1,1,1,1,1,1,1
GO985_RS10940,1,1,1,1,1,1,1,1
THIX_RS13195,1,1,1,1,1,1,1,1
THI_RS10210,1,1,1,1,1,1,1,1
TINT_RS09030,1,1,1,1,1,1,1,1
BVH73_RS01145,1,1,1,1,1,1,1,1
GO970_RS02755,1,1,1,1,1,1,1,1
GO948_RS15830,1,1,1,1,1,1,1,1
TOC7_RS02750,1,1,1,1,1,1,1,1
GO985_RS09290,1,1,1,1,1,1,1,1
THIX_RS14610,1,1,1,1,1,1,1,1
THI_RS11210,1,1,1,1,1,1,1,1
TINT_RS10560,1,1,1,1,1,1,1,1
BVH73_RS02310,1,1,1,1,1,1,1,1
GO970_RS16010,1,1,1,1,1,1,1,1
GO948_RS02665,1,1,1,1,1,1,1,1
TOC7_RS16110,1,1,1,1,1,1,1,1
GO985_RS14685,1,1,1,1,1,1,1,1
THIX_RS17345,1,1,1,1,1,1,1,1
THI_RS14325,1,1,1,1,1,1,1,1
TINT_RS09745,1,1,1,1,1,1,1,1
BVH73_RS02060,1,1,1,1,1,1,1,1
GO970_RS19305,1,1,1,1,1,1,1,1
GO948_RS01340,1,1,1,1,1,1,1,1
TOC7_RS17445,1,1,1,1,1,1,1,1
GO985_RS13360,1,1,1,1,1,1,1,1
THIX_RS17945,1,1,1,1,1,1,1,1
THI_RS01820,1,1,1,1,1,1,1,1
TINT_RS01780,1,1,1,1,1,1,1,1
BVH73_RS05775,1,1,1,1,1,1,1,1
GO970_RS11360,1,1,1,1,1,1,1,1
GO948_RS07270,1,1,1,1,1,1,1,1
TOC7_RS11415,1,1,1,1,1,1,1,1
GO985_RS00700,1,1,1,1,1,1,1,1
THIX_RS04760,1,1,1,1,1,1,1,1
THI_RS06385,1,1,1,1,1,1,1,1
TINT_RS05530,1,1,1,1,1,1,1,1
BVH73_RS00975,1,1,1,1,1,1,1,1
GO970_RS02555,1,1,1,1,1,1,1,1
GO948_RS16030,1,1,1,1,1,1,1,1
TOC7_RS02550,1,1,1,1,1,1,1,1
GO985_RS09490,1,1,1,1,1,1,1,1
THIX_RS19320,1,1,1,1,1,1,1,1
THI_RS13015,1,1,1,1,1,1,1,1
TINT_RS12195,1,1,1,1,1,1,1,1
BVH73_RS11145,1,1,1,1,1,1,1,1
GO970_RS14415,1,1,1,1,1,1,1,1
GO948_RS04260,1,1,1,1,1,1,1,1
TOC7_RS14515,1,1,1,1,1,1,1,1
GO985_RS16280,1,1,1,1,1,1,1,1
THIX_RS07700,1,1,1,1,1,1,1,1
THI_RS13645,1,1,1,1,1,1,1,1
TINT_RS12815,1,1,1,1,1,1,1,1
BVH73_RS10675,1,1,1,1,1,1,1,1
GO970_RS05930,1,1,1,1,1,1,1,1
GO948_RS12670,1,1,1,1,1,1,1,1
TOC7_RS05930,1,1,1,1,1,1,1,1
GO985_RS06140,1,1,1,1,1,1,1,1
THIX_RS08175,1,1,1,1,1,1,1,1
THI_RS05860,1,1,1,1,1,1,1,1
TINT_RS05135,1,1,1,1,1,1,1,1
BVH73_RS13235,1,1,1,1,1,1,1,1
GO970_RS03770,1,1,1,1,1,1,1,1
GO948_RS14835,1,1,1,1,1,1,1,1
TOC7_RS03745,1,1,1,1,1,1,1,1
GO985_RS08290,1,1,1,1,1,1,1,1
THIX_RS06875,1,1,1,1,1,1,1,1
THI_RS06030,1,1,1,1,1,1,1,1
TINT_RS05210,1,1,1,1,1,1,1,1
BVH73_RS12910,1,1,1,1,1,1,1,1
GO970_RS03695,1,1,1,1,1,1,1,1
GO948_RS14910,1,1,1,1,1,1,1,1
TOC7_RS03670,1,1,1,1,1,1,1,1
GO985_RS08365,1,1,1,1,1,1,1,1
THIX_RS15765,1,1,1,1,1,1,1,1
THI_RS07025,1,1,1,1,1,1,1,1
TINT_RS06075,1,1,1,1,1,1,1,1
BVH73_RS00410,1,1,1,1,1,1,1,1
GO970_RS01995,1,1,1,1,1,1,1,1
GO948_RS16595,1,1,1,1,1,1,1,1
TOC7_RS01985,1,1,1,1,1,1,1,1
GO985_RS10055,1,1,1,1,1,1,1,1
THIX_RS00605,1,1,1,1,1,1,1,1
THI_RS11440,1,1,1,1,1,1,1,1
TINT_RS10790,1,1,1,1,1,1,1,1
BVH73_RS03365,1,1,1,1,1,1,1,1
GO970_RS15750,1,1,1,1,1,1,1,1
GO948_RS02925,1,1,1,1,1,1,1,1
TOC7_RS15850,1,1,1,1,1,1,1,1
GO985_RS14945,1,1,1,1,1,1,1,1
THIX_RS22505,1,1,1,1,1,1,1,1
THI_RS12620,1,1,1,1,1,1,1,1
TINT_RS11800,1,1,1,1,1,1,1,1
BVH73_RS11520,1,1,1,1,1,1,1,1
GO970_RS14800,1,1,1,1,1,1,1,1
GO948_RS03875,1,1,1,1,1,1,1,1
TOC7_RS14900,1,1,1,1,1,1,1,1
GO985_RS15895,1,1,1,1,1,1,1,1
THIX_RS08215,1,1,1,1,1,1,1,1
THI_RS06150,1,1,1,1,1,1,1,1
TINT_RS05330,1,1,1,1,1,1,1,1
BVH73_RS13030,1,1,1,1,1,1,1,1
GO970_RS03575,1,1,1,1,1,1,1,1
GO948_RS15030,1,1,1,1,1,1,1,1
TOC7_RS03550,1,1,1,1,1,1,1,1
GO985_RS08485,1,1,1,1,1,1,1,1
THIX_RS06535,1,1,1,1,1,1,1,1
THI_RS06870,1,1,1,1,1,1,1,1
TINT_RS05925,1,1,1,1,1,1,1,1
BVH73_RS00580,1,1,1,1,1,1,1,1
GO970_RS02145,1,1,1,1,1,1,1,1
GO948_RS16445,1,1,1,1,1,1,1,1
TOC7_RS02135,1,1,1,1,1,1,1,1
GO985_RS09905,1,1,1,1,1,1,1,1
THIX_RS00750,1,1,1,1,1,1,1,1
THI_RS08120,1,1,1,1,1,1,1,1
TINT_RS08150,1,1,1,1,1,1,1,1
BVH73_RS14990,1,1,1,1,1,1,1,1
GO970_RS01000,1,1,1,1,1,1,1,1
GO948_RS17590,1,1,1,1,1,1,1,1
TOC7_RS00990,1,1,1,1,1,1,1,1
GO985_RS11050,1,1,1,1,1,1,1,1
THIX_RS05305,1,1,1,1,1,1,1,1
THI_RS09715,1,1,1,1,1,1,1,1
TINT_RS08540,1,1,1,1,1,1,1,1
BVH73_RS13780,1,1,1,1,1,1,1,1
GO970_RS18305,1,1,1,1,1,1,1,1
GO948_RS00365,1,1,1,1,1,1,1,1
TOC7_RS18420,1,1,1,1,1,1,1,1
GO985_RS12390,1,1,1,1,1,1,1,1
THIX_RS04835,1,1,1,1,1,1,1,1
THI_RS05740,1,1,1,1,1,1,1,1
TINT_RS05005,1,1,1,1,1,1,1,1
BVH73_RS13115,1,1,1,1,1,1,1,1
GO970_RS03890,1,1,1,1,1,1,1,1
GO948_RS14715,1,1,1,1,1,1,1,1
TOC7_RS03865,1,1,1,1,1,1,1,1
GO985_RS08170,1,1,1,1,1,1,1,1
THIX_RS22015,1,1,1,1,1,1,1,1
THI_RS07775,1,1,1,1,1,1,1,1
TINT_RS06875,1,1,1,1,1,1,1,1
BVH73_RS00225,1,1,1,1,1,1,1,1
GO970_RS01190,1,1,1,1,1,1,1,1
GO948_RS17400,1,1,1,1,1,1,1,1
TOC7_RS01180,1,1,1,1,1,1,1,1
GO985_RS10860,1,1,1,1,1,1,1,1
THIX_RS10595,1,1,1,1,1,1,1,1
THI_RS13620,1,1,1,1,1,1,1,1
TINT_RS12805,1,1,1,1,1,1,1,1
BVH73_RS10685,1,1,1,1,1,1,1,1
GO970_RS05910,1,1,1,1,1,1,1,1
GO948_RS12690,1,1,1,1,1,1,1,1
TOC7_RS05910,1,1,1,1,1,1,1,1
GO985_RS06160,1,1,1,1,1,1,1,1
THIX_RS08190,1,1,1,1,1,1,1,1
THI_RS04015,1,1,1,1,1,1,1,1
TINT_RS03480,1,1,1,1,1,1,1,1
BVH73_RS04535,1,1,1,1,1,1,1,1
GO970_RS13965,1,1,1,1,1,1,1,1
GO948_RS04680,1,1,1,1,1,1,1,1
TOC7_RS14025,1,1,1,1,1,1,1,1
GO985_RS16720,1,1,1,1,1,1,1,1
THIX_RS07490,1,1,1,1,1,1,1,1
THI_RS08575,1,1,1,1,1,1,1,1
TINT_RS07395,1,1,1,1,1,1,1,1
BVH73_RS15315,1,1,1,1,1,1,1,1
GO970_RS00550,1,1,1,1,1,1,1,1
GO948_RS18040,1,1,1,1,1,1,1,1
TOC7_RS00540,1,1,1,1,1,1,1,1
GO985_RS11495,1,1,1,1,1,1,1,1
THIX_RS12725,1,1,1,1,1,1,1,1
THI_RS12710,1,1,1,1,1,1,1,1
TINT_RS11890,1,1,1,1,1,1,1,1
BVH73_RS11430,1,1,1,1,1,1,1,1
GO970_RS14710,1,1,1,1,1,1,1,1
GO948_RS03965,1,1,1,1,1,1,1,1
TOC7_RS14810,1,1,1,1,1,1,1,1
GO985_RS15985,1,1,1,1,1,1,1,1
THIX_RS07150,1,1,1,1,1,1,1,1
THI_RS01560,1,1,1,1,1,1,1,1
TINT_RS01505,1,1,1,1,1,1,1,1
BVH73_RS05940,1,1,1,1,1,1,1,1
GO970_RS11025,1,1,1,1,1,1,1,1
GO948_RS07610,1,1,1,1,1,1,1,1
TOC7_RS11055,1,1,1,1,1,1,1,1
GO985_RS01035,1,1,1,1,1,1,1,1
THIX_RS04055,1,1,1,1,1,1,1,1
THI_RS12080,1,1,1,1,1,1,1,1
TINT_RS11325,1,1,1,1,1,1,1,1
BVH73_RS11995,1,1,1,1,1,1,1,1
GO970_RS15280,1,1,1,1,1,1,1,1
GO948_RS03395,1,1,1,1,1,1,1,1
TOC7_RS15380,1,1,1,1,1,1,1,1
GO985_RS15415,1,1,1,1,1,1,1,1
THIX_RS09950,1,1,1,1,1,1,1,1
THI_RS17255,1,1,1,1,1,1,1,1
TINT_RS15705,1,1,1,1,1,1,1,1
BVH73_RS07890,1,1,1,1,1,1,1,1
GO970_RS09060,1,1,1,1,1,1,1,1
GO948_RS09555,1,1,1,1,1,1,1,1
TOC7_RS09075,1,1,1,1,1,1,1,1
GO985_RS03000,1,1,1,1,1,1,1,1
THIX_RS03260,1,1,1,1,1,1,1,1
THI_RS07370,1,1,1,1,1,1,1,1
TINT_RS06465,1,1,1,1,1,1,1,1
BVH73_RS14430,1,1,1,1,1,1,1,1
GO970_RS01605,1,1,1,1,1,1,1,1
GO948_RS16985,1,1,1,1,1,1,1,1
TOC7_RS01595,1,1,1,1,1,1,1,1
GO985_RS10445,1,1,1,1,1,1,1,1
THIX_RS11710,1,1,1,1,1,1,1,1
THI_RS00505,1,1,1,1,1,1,1,1
TINT_RS00475,1,1,1,1,1,1,1,1
BVH73_RS09015,1,1,1,1,1,1,1,1
GO970_RS09920,1,1,1,1,1,1,1,1
GO948_RS08720,1,1,1,1,1,1,1,1
TOC7_RS09930,1,1,1,1,1,1,1,1
GO985_RS02145,1,1,1,1,1,1,1,1
THIX_RS01525,1,1,1,1,1,1,1,1
THI_RS03810,1,1,1,1,1,1,1,1
TINT_RS03280,1,1,1,1,1,1,1,1
BVH73_RS04720,1,1,1,1,1,1,1,1
GO970_RS13745,1,1,1,1,1,1,1,1
GO948_RS04900,1,1,1,1,1,1,1,1
TOC7_RS13805,1,1,1,1,1,1,1,1
GO985_RS16940,1,1,1,1,1,1,1,1
THIX_RS02350,1,1,1,1,1,1,1,1
THI_RS09870,1,1,1,1,1,1,1,1
TINT_RS08690,1,1,1,1,1,1,1,1
BVH73_RS13625,1,1,1,1,1,1,1,1
GO970_RS18155,1,1,1,1,1,1,1,1
GO948_RS00515,1,1,1,1,1,1,1,1
TOC7_RS18270,1,1,1,1,1,1,1,1
GO985_RS12540,1,1,1,1,1,1,1,1
THIX_RS14110,1,1,1,1,1,1,1,1
THI_RS13485,1,1,1,1,1,1,1,1
TINT_RS12655,1,1,1,1,1,1,1,1
BVH73_RS10815,1,1,1,1,1,1,1,1
GO970_RS05775,1,1,1,1,1,1,1,1
GO948_RS12825,1,1,1,1,1,1,1,1
TOC7_RS05775,1,1,1,1,1,1,1,1
GO985_RS06295,1,1,1,1,1,1,1,1
THIX_RS07325,1,1,1,1,1,1,1,1
THI_RS13820,1,1,1,1,1,1,1,1
TINT_RS12990,1,1,1,1,1,1,1,1
BVH73_RS10495,1,1,1,1,1,1,1,1
GO970_RS06110,1,1,1,1,1,1,1,1
GO948_RS12490,1,1,1,1,1,1,1,1
TOC7_RS06110,1,1,1,1,1,1,1,1
GO985_RS05960,1,1,1,1,1,1,1,1
THIX_RS04610,1,1,1,1,1,1,1,1
THI_RS04880,1,1,1,1,1,1,1,1
TINT_RS04165,1,1,1,1,1,1,1,1
BVH73_RS03845,1,1,1,1,1,1,1,1
GO970_RS04755,1,1,1,1,1,1,1,1
GO948_RS13850,1,1,1,1,1,1,1,1
TOC7_RS04730,1,1,1,1,1,1,1,1
GO985_RS07305,1,1,1,1,1,1,1,1
THIX_RS20150,1,1,1,1,1,1,1,1
THI_RS05460,1,1,1,1,1,1,1,1
TINT_RS04720,1,1,1,1,1,1,1,1
BVH73_RS12690,1,1,1,1,1,1,1,1
GO970_RS04185,1,1,1,1,1,1,1,1
GO948_RS14420,1,1,1,1,1,1,1,1
TOC7_RS04160,1,1,1,1,1,1,1,1
GO985_RS07875,1,1,1,1,1,1,1,1
THIX_RS18575,1,1,1,1,1,1,1,1
THI_RS13890,1,1,1,1,1,1,1,1
TINT_RS13060,1,1,1,1,1,1,1,1
BVH73_RS10405,1,1,1,1,1,1,1,1
GO970_RS06180,1,1,1,1,1,1,1,1
GO948_RS12420,1,1,1,1,1,1,1,1
TOC7_RS06180,1,1,1,1,1,1,1,1
GO985_RS05890,1,1,1,1,1,1,1,1
THIX_RS20515,1,1,1,1,1,1,1,1
THI_RS05900,1,1,1,1,1,1,1,1
TINT_RS05175,1,1,1,1,1,1,1,1
BVH73_RS13275,1,1,1,1,1,1,1,1
GO970_RS03730,1,1,1,1,1,1,1,1
GO948_RS14875,1,1,1,1,1,1,1,1
TOC7_RS03705,1,1,1,1,1,1,1,1
GO985_RS08330,1,1,1,1,1,1,1,1
THIX_RS13310,1,1,1,1,1,1,1,1
THI_RS11245,1,1,1,1,1,1,1,1
TINT_RS10595,1,1,1,1,1,1,1,1
BVH73_RS02345,1,1,1,1,1,1,1,1
GO970_RS15975,1,1,1,1,1,1,1,1
GO948_RS02700,1,1,1,1,1,1,1,1
TOC7_RS16075,1,1,1,1,1,1,1,1
GO985_RS14720,1,1,1,1,1,1,1,1
THIX_RS17380,1,1,1,1,1,1,1,1
THI_RS13985,1,1,1,1,1,1,1,1
TINT_RS13155,1,1,1,1,1,1,1,1
BVH73_RS10300,1,1,1,1,1,1,1,1
GO970_RS06280,1,1,1,1,1,1,1,1
GO948_RS12320,1,1,1,1,1,1,1,1
TOC7_RS06280,1,1,1,1,1,1,1,1
GO985_RS05790,1,1,1,1,1,1,1,1
THIX_RS03860,1,1,1,1,1,1,1,1
THI_RS17495,1,1,1,1,1,1,1,1
TINT_RS15875,1,1,1,1,1,1,1,1
BVH73_RS08145,1,1,1,1,1,1,1,1
GO970_RS09190,1,1,1,1,1,1,1,1
GO948_RS09425,1,1,1,1,1,1,1,1
TOC7_RS09205,1,1,1,1,1,1,1,1
GO985_RS02870,1,1,1,1,1,1,1,1
THIX_RS02125,1,1,1,1,1,1,1,1
THI_RS17555,1,1,1,1,1,1,1,1
TINT_RS15935,1,1,1,1,1,1,1,1
BVH73_RS08200,1,1,1,1,1,1,1,1
GO970_RS09260,1,1,1,1,1,1,1,1
GO948_RS09355,1,1,1,1,1,1,1,1
TOC7_RS09275,1,1,1,1,1,1,1,1
GO985_RS02800,1,1,1,1,1,1,1,1
THIX_RS02085,1,1,1,1,1,1,1,1
THI_RS06060,1,1,1,1,1,1,1,1
TINT_RS05240,1,1,1,1,1,1,1,1
BVH73_RS12940,1,1,1,1,1,1,1,1
GO970_RS03665,1,1,1,1,1,1,1,1
GO948_RS14940,1,1,1,1,1,1,1,1
TOC7_RS03640,1,1,1,1,1,1,1,1
GO985_RS08395,1,1,1,1,1,1,1,1
THIX_RS03665,1,1,1,1,1,1,1,1
THI_RS09975,1,1,1,1,1,1,1,1
TINT_RS08795,1,1,1,1,1,1,1,1
BVH73_RS13510,1,1,1,1,1,1,1,1
GO970_RS18045,1,1,1,1,1,1,1,1
GO948_RS00625,1,1,1,1,1,1,1,1
TOC7_RS18160,1,1,1,1,1,1,1,1
GO985_RS12650,1,1,1,1,1,1,1,1
THIX_RS13620,1,1,1,1,1,1,1,1
THI_RS10520,1,1,1,1,1,1,1,1
TINT_RS09315,1,1,1,1,1,1,1,1
BVH73_RS01410,1,1,1,1,1,1,1,1
GO970_RS03060,1,1,1,1,1,1,1,1
GO948_RS15525,1,1,1,1,1,1,1,1
TOC7_RS03055,1,1,1,1,1,1,1,1
GO985_RS08985,1,1,1,1,1,1,1,1
THIX_RS13535,1,1,1,1,1,1,1,1
THI_RS15190,1,1,1,1,1,1,1,1
TINT_RS13750,1,1,1,1,1,1,1,1
BVH73_RS06260,1,1,1,1,1,1,1,1
GO970_RS06850,1,1,1,1,1,1,1,1
GO948_RS11750,1,1,1,1,1,1,1,1
TOC7_RS06850,1,1,1,1,1,1,1,1
GO985_RS05220,1,1,1,1,1,1,1,1
THIX_RS02585,1,1,1,1,1,1,1,1
THI_RS17425,1,1,1,1,1,1,1,1
TINT_RS15770,1,1,1,1,1,1,1,1
BVH73_RS08075,1,1,1,1,1,1,1,1
GO970_RS09125,1,1,1,1,1,1,1,1
GO948_RS09490,1,1,1,1,1,1,1,1
TOC7_RS09140,1,1,1,1,1,1,1,1
GO985_RS02935,1,1,1,1,1,1,1,1
THIX_RS02520,1,1,1,1,1,1,1,1
THI_RS01240,1,1,1,1,1,1,1,1
TINT_RS01135,1,1,1,1,1,1,1,1
BVH73_RS09680,1,1,1,1,1,1,1,1
GO970_RS10595,1,1,1,1,1,1,1,1
GO948_RS08040,1,1,1,1,1,1,1,1
TOC7_RS10625,1,1,1,1,1,1,1,1
GO985_RS01465,1,1,1,1,1,1,1,1
THIX_RS02450,1,1,1,1,1,1,1,1
THI_RS05145,1,1,1,1,1,1,1,1
TINT_RS04415,1,1,1,1,1,1,1,1
BVH73_RS12370,1,1,1,1,1,1,1,1
GO970_RS04500,1,1,1,1,1,1,1,1
GO948_RS14105,1,1,1,1,1,1,1,1
TOC7_RS04475,1,1,1,1,1,1,1,1
GO985_RS07560,1,1,1,1,1,1,1,1
THIX_RS06695,1,1,1,1,1,1,1,1
THI_RS09680,1,1,1,1,1,1,1,1
TINT_RS08505,1,1,1,1,1,1,1,1
BVH73_RS13835,1,1,1,1,1,1,1,1
GO970_RS18340,1,1,1,1,1,1,1,1
GO948_RS00330,1,1,1,1,1,1,1,1
TOC7_RS18455,1,1,1,1,1,1,1,1
GO985_RS12355,1,1,1,1,1,1,1,1
THIX_RS09740,1,1,1,1,1,1,1,1
THI_RS10220,1,1,1,1,1,1,1,1
TINT_RS09040,1,1,1,1,1,1,1,1
BVH73_RS01155,1,1,1,1,1,1,1,1
GO970_RS02765,1,1,1,1,1,1,1,1
GO948_RS15820,1,1,1,1,1,1,1,1
TOC7_RS02760,1,1,1,1,1,1,1,1
GO985_RS09280,1,1,1,1,1,1,1,1
THIX_RS17165,1,1,1,1,1,1,1,1
THI_RS13875,1,1,1,1,1,1,1,1
TINT_RS13045,1,1,1,1,1,1,1,1
BVH73_RS10420,1,1,1,1,1,1,1,1
GO970_RS06165,1,1,1,1,1,1,1,1
GO948_RS12435,1,1,1,1,1,1,1,1
TOC7_RS06165,1,1,1,1,1,1,1,1
GO985_RS05905,1,1,1,1,1,1,1,1
THIX_RS20500,1,1,1,1,1,1,1,1
THI_RS05180,1,1,1,1,1,1,1,1
TINT_RS04450,1,1,1,1,1,1,1,1
BVH73_RS12405,1,1,1,1,1,1,1,1
GO970_RS04465,1,1,1,1,1,1,1,1
GO948_RS14140,1,1,1,1,1,1,1,1
TOC7_RS04440,1,1,1,1,1,1,1,1
GO985_RS07595,1,1,1,1,1,1,1,1
THIX_RS17740,1,1,1,1,1,1,1,1
THI_RS07635,1,1,1,1,1,1,1,1
TINT_RS06735,1,1,1,1,1,1,1,1
BVH73_RS14695,1,1,1,1,1,1,1,1
GO970_RS01335,1,1,1,1,1,1,1,1
GO948_RS17255,1,1,1,1,1,1,1,1
TOC7_RS01325,1,1,1,1,1,1,1,1
GO985_RS10715,1,1,1,1,1,1,1,1
THIX_RS06430,1,1,1,1,1,1,1,1
THI_RS13530,1,1,1,1,1,1,1,1
TINT_RS12700,1,1,1,1,1,1,1,1
BVH73_RS10770,1,1,1,1,1,1,1,1
GO970_RS05820,1,1,1,1,1,1,1,1
GO948_RS12780,1,1,1,1,1,1,1,1
TOC7_RS05820,1,1,1,1,1,1,1,1
GO985_RS06250,1,1,1,1,1,1,1,1
THIX_RS07285,1,1,1,1,1,1,1,1
THI_RS12810,1,1,1,1,1,1,1,1
TINT_RS11990,1,1,1,1,1,1,1,1
BVH73_RS11330,1,1,1,1,1,1,1,1
GO970_RS14610,1,1,1,1,1,1,1,1
GO948_RS04065,1,1,1,1,1,1,1,1
TOC7_RS14710,1,1,1,1,1,1,1,1
GO985_RS16085,1,1,1,1,1,1,1,1
THIX_RS07050,1,1,1,1,1,1,1,1
THI_RS02040,1,1,1,1,1,1,1,1
TINT_RS16550,1,1,1,1,1,1,1,1
BVH73_RS03245,1,1,1,1,1,1,1,1
GO970_RS11590,1,1,1,1,1,1,1,1
GO948_RS07040,1,1,1,1,1,1,1,1
TOC7_RS11645,1,1,1,1,1,1,1,1
GO985_RS00470,1,1,1,1,1,1,1,1
THIX_RS04680,1,1,1,1,1,1,1,1
THI_RS02085,1,1,1,1,1,1,1,1
TINT_RS02115,1,1,1,1,1,1,1,1
BVH73_RS03200,1,1,1,1,1,1,1,1
GO970_RS11635,1,1,1,1,1,1,1,1
GO948_RS06995,1,1,1,1,1,1,1,1
TOC7_RS11690,1,1,1,1,1,1,1,1
GO985_RS00425,1,1,1,1,1,1,1,1
THIX_RS19130,1,1,1,1,1,1,1,1
THI_RS07660,1,1,1,1,1,1,1,1
TINT_RS06760,1,1,1,1,1,1,1,1
BVH73_RS14720,1,1,1,1,1,1,1,1
GO970_RS01310,1,1,1,1,1,1,1,1
GO948_RS17280,1,1,1,1,1,1,1,1
TOC7_RS01300,1,1,1,1,1,1,1,1
GO985_RS10740,1,1,1,1,1,1,1,1
THIX_RS11615,1,1,1,1,1,1,1,1
THI_RS10375,1,1,1,1,1,1,1,1
TINT_RS09180,1,1,1,1,1,1,1,1
BVH73_RS01185,1,1,1,1,1,1,1,1
GO970_RS02915,1,1,1,1,1,1,1,1
GO948_RS15670,1,1,1,1,1,1,1,1
TOC7_RS02910,1,1,1,1,1,1,1,1
GO985_RS09130,1,1,1,1,1,1,1,1
THIX_RS07900,1,1,1,1,1,1,1,1
THI_RS01205,1,1,1,1,1,1,1,1
TINT_RS01105,1,1,1,1,1,1,1,1
BVH73_RS09645,1,1,1,1,1,1,1,1
GO970_RS10545,1,1,1,1,1,1,1,1
GO948_RS08090,1,1,1,1,1,1,1,1
TOC7_RS10575,1,1,1,1,1,1,1,1
GO985_RS01515,1,1,1,1,1,1,1,1
THIX_RS03895,1,1,1,1,1,1,1,1
THI_RS11805,1,1,1,1,1,1,1,1
TINT_RS11150,1,1,1,1,1,1,1,1
BVH73_RS12260,1,1,1,1,1,1,1,1
GO970_RS15450,1,1,1,1,1,1,1,1
GO948_RS03225,1,1,1,1,1,1,1,1
TOC7_RS15550,1,1,1,1,1,1,1,1
GO985_RS15245,1,1,1,1,1,1,1,1
THIX_RS19815,1,1,1,1,1,1,1,1
THI_RS02525,1,1,1,1,1,1,1,1
TINT_RS02330,1,1,1,1,1,1,1,1
BVH73_RS02915,1,1,1,1,1,1,1,1
GO970_RS12655,1,1,1,1,1,1,1,1
GO948_RS05990,1,1,1,1,1,1,1,1
TOC7_RS12715,1,1,1,1,1,1,1,1
GO985_RS18030,1,1,1,1,1,1,1,1
THIX_RS07830,1,1,1,1,1,1,1,1
THI_RS07585,1,1,1,1,1,1,1,1
TINT_RS06685,1,1,1,1,1,1,1,1
BVH73_RS14650,1,1,1,1,1,1,1,1
GO970_RS01375,1,1,1,1,1,1,1,1
GO948_RS17215,1,1,1,1,1,1,1,1
TOC7_RS01365,1,1,1,1,1,1,1,1
GO985_RS10675,1,1,1,1,1,1,1,1
THIX_RS18720,1,1,1,1,1,1,1,1
THI_RS15020,1,1,1,1,1,1,1,1
TINT_RS13580,1,1,1,1,1,1,1,1
BVH73_RS09960,1,1,1,1,1,1,1,1
GO970_RS06680,1,1,1,1,1,1,1,1
GO948_RS11920,1,1,1,1,1,1,1,1
TOC7_RS06680,1,1,1,1,1,1,1,1
GO985_RS05390,1,1,1,1,1,1,1,1
THIX_RS04155,1,1,1,1,1,1,1,1
THI_RS15485,1,1,1,1,1,1,1,1
TINT_RS14045,1,1,1,1,1,1,1,1
BVH73_RS06565,1,1,1,1,1,1,1,1
GO970_RS07155,1,1,1,1,1,1,1,1
GO948_RS11445,1,1,1,1,1,1,1,1
TOC7_RS07170,1,1,1,1,1,1,1,1
GO985_RS04910,1,1,1,1,1,1,1,1
THIX_RS02505,1,1,1,1,1,1,1,1
THI_RS08315,1,1,1,1,1,1,1,1
TINT_RS07135,1,1,1,1,1,1,1,1
BVH73_RS15145,1,1,1,1,1,1,1,1
GO970_RS00820,1,1,1,1,1,1,1,1
GO948_RS17770,1,1,1,1,1,1,1,1
TOC7_RS00810,1,1,1,1,1,1,1,1
GO985_RS11230,1,1,1,1,1,1,1,1
THIX_RS17540,1,1,1,1,1,1,1,1
THI_RS10700,1,1,1,1,1,1,1,1
TINT_RS09885,1,1,1,1,1,1,1,1
BVH73_RS01780,1,1,1,1,1,1,1,1
GO970_RS12215,1,1,1,1,1,1,1,1
GO948_RS06415,1,1,1,1,1,1,1,1
TOC7_RS12270,1,1,1,1,1,1,1,1
GO985_RS18455,1,1,1,1,1,1,1,1
THIX_RS22655,1,1,1,1,1,1,1,1
THI_RS12160,1,1,1,1,1,1,1,1
TINT_RS11405,1,1,1,1,1,1,1,1
BVH73_RS11920,1,1,1,1,1,1,1,1
GO970_RS15200,1,1,1,1,1,1,1,1
GO948_RS03475,1,1,1,1,1,1,1,1
TOC7_RS15300,1,1,1,1,1,1,1,1
GO985_RS15495,1,1,1,1,1,1,1,1
THIX_RS09880,1,1,1,1,1,1,1,1
THI_RS01395,1,1,1,1,1,1,1,1
TINT_RS01305,1,1,1,1,1,1,1,1
BVH73_RS06065,1,1,1,1,1,1,1,1
GO970_RS10840,1,1,1,1,1,1,1,1
GO948_RS07795,1,1,1,1,1,1,1,1
TOC7_RS10870,1,1,1,1,1,1,1,1
GO985_RS01220,1,1,1,1,1,1,1,1
THIX_RS18325,1,1,1,1,1,1,1,1
THI_RS02965,1,1,1,1,1,1,1,1
TINT_RS02645,1,1,1,1,1,1,1,1
BVH73_RS05530,1,1,1,1,1,1,1,1
GO970_RS12925,1,1,1,1,1,1,1,1
GO948_RS05720,1,1,1,1,1,1,1,1
TOC7_RS12985,1,1,1,1,1,1,1,1
GO985_RS17760,1,1,1,1,1,1,1,1
THIX_RS05065,1,1,1,1,1,1,1,1
THI_RS04760,1,1,1,1,1,1,1,1
TINT_RS04045,1,1,1,1,1,1,1,1
BVH73_RS03955,1,1,1,1,1,1,1,1
GO970_RS04875,1,1,1,1,1,1,1,1
GO948_RS13730,1,1,1,1,1,1,1,1
TOC7_RS04850,1,1,1,1,1,1,1,1
GO985_RS07185,1,1,1,1,1,1,1,1
THIX_RS20235,1,1,1,1,1,1,1,1
THI_RS00465,1,1,1,1,1,1,1,1
TINT_RS00435,1,1,1,1,1,1,1,1
BVH73_RS08975,1,1,1,1,1,1,1,1
GO970_RS09880,1,1,1,1,1,1,1,1
GO948_RS08760,1,1,1,1,1,1,1,1
TOC7_RS09890,1,1,1,1,1,1,1,1
GO985_RS02185,1,1,1,1,1,1,1,1
THIX_RS01455,1,1,1,1,1,1,1,1
THI_RS16130,1,1,1,1,1,1,1,1
TINT_RS14770,1,1,1,1,1,1,1,1
BVH73_RS07185,1,1,1,1,1,1,1,1
GO970_RS07725,1,1,1,1,1,1,1,1
GO948_RS10875,1,1,1,1,1,1,1,1
TOC7_RS07745,1,1,1,1,1,1,1,1
GO985_RS04340,1,1,1,1,1,1,1,1
THIX_RS00420,1,1,1,1,1,1,1,1
THI_RS01750,1,1,1,1,1,1,1,1
TINT_RS01710,1,1,1,1,1,1,1,1
BVH73_RS05840,1,1,1,1,1,1,1,1
GO970_RS11295,1,1,1,1,1,1,1,1
GO948_RS07335,1,1,1,1,1,1,1,1
TOC7_RS11350,1,1,1,1,1,1,1,1
GO985_RS00765,1,1,1,1,1,1,1,1
THIX_RS05690,1,1,1,1,1,1,1,1
THI_RS03965,1,1,1,1,1,1,1,1
TINT_RS03430,1,1,1,1,1,1,1,1
BVH73_RS04585,1,1,1,1,1,1,1,1
GO970_RS13915,1,1,1,1,1,1,1,1
GO948_RS04730,1,1,1,1,1,1,1,1
TOC7_RS13975,1,1,1,1,1,1,1,1
GO985_RS16770,1,1,1,1,1,1,1,1
THIX_RS18260,1,1,1,1,1,1,1,1
THI_RS05370,1,1,1,1,1,1,1,1
TINT_RS04630,1,1,1,1,1,1,1,1
BVH73_RS12600,1,1,1,1,1,1,1,1
GO970_RS04265,1,1,1,1,1,1,1,1
GO948_RS14340,1,1,1,1,1,1,1,1
TOC7_RS04240,1,1,1,1,1,1,1,1
GO985_RS07795,1,1,1,1,1,1,1,1
THIX_RS09560,1,1,1,1,1,1,1,1
THI_RS06770,1,1,1,1,1,1,1,1
TINT_RS05825,1,1,1,1,1,1,1,1
BVH73_RS00675,1,1,1,1,1,1,1,1
GO970_RS02245,1,1,1,1,1,1,1,1
GO948_RS16345,1,1,1,1,1,1,1,1
TOC7_RS02235,1,1,1,1,1,1,1,1
GO985_RS09805,1,1,1,1,1,1,1,1
THIX_RS00925,1,1,1,1,1,1,1,1
THI_RS09990,1,1,1,1,1,1,1,1
TINT_RS08810,1,1,1,1,1,1,1,1
BVH73_RS13500,1,1,1,1,1,1,1,1
GO970_RS18030,1,1,1,1,1,1,1,1
GO948_RS00640,1,1,1,1,1,1,1,1
TOC7_RS18145,1,1,1,1,1,1,1,1
GO985_RS12665,1,1,1,1,1,1,1,1
THIX_RS12925,1,1,1,1,1,1,1,1
THI_RS11300,1,1,1,1,1,1,1,1
TINT_RS10650,1,1,1,1,1,1,1,1
BVH73_RS02400,1,1,1,1,1,1,1,1
GO970_RS15920,1,1,1,1,1,1,1,1
GO948_RS02755,1,1,1,1,1,1,1,1
TOC7_RS16020,1,1,1,1,1,1,1,1
GO985_RS14775,1,1,1,1,1,1,1,1
THIX_RS17435,1,1,1,1,1,1,1,1
THI_RS12960,1,1,1,1,1,1,1,1
TINT_RS12140,1,1,1,1,1,1,1,1
BVH73_RS11200,1,1,1,1,1,1,1,1
GO970_RS14460,1,1,1,1,1,1,1,1
GO948_RS04215,1,1,1,1,1,1,1,1
TOC7_RS14560,1,1,1,1,1,1,1,1
GO985_RS16235,1,1,1,1,1,1,1,1
THIX_RS07715,1,1,1,1,1,1,1,1
THI_RS15835,1,1,1,1,1,1,1,1
TINT_RS14380,1,1,1,1,1,1,1,1
BVH73_RS06950,1,1,1,1,1,1,1,1
GO970_RS07490,1,1,1,1,1,1,1,1
GO948_RS11110,1,1,1,1,1,1,1,1
TOC7_RS07505,1,1,1,1,1,1,1,1
GO985_RS04575,1,1,1,1,1,1,1,1
THIX_RS20630,1,1,1,1,1,1,1,1
THI_RS00175,1,1,1,1,1,1,1,1
TINT_RS00190,1,1,1,1,1,1,1,1
BVH73_RS08685,1,1,1,1,1,1,1,1
GO970_RS09640,1,1,1,1,1,1,1,1
GO948_RS09000,1,1,1,1,1,1,1,1
TOC7_RS09650,1,1,1,1,1,1,1,1
GO985_RS02425,1,1,1,1,1,1,1,1
THIX_RS02645,1,1,1,1,1,1,1,1
THI_RS06685,1,1,1,1,1,1,1,1
TINT_RS05740,1,1,1,1,1,1,1,1
BVH73_RS00775,1,1,1,1,1,1,1,1
GO970_RS02330,1,1,1,1,1,1,1,1
GO948_RS16260,1,1,1,1,1,1,1,1
TOC7_RS02320,1,1,1,1,1,1,1,1
GO985_RS09720,1,1,1,1,1,1,1,1
THIX_RS11430,1,1,1,1,1,1,1,1
THI_RS12220,1,1,1,1,1,1,1,1
TINT_RS11465,1,1,1,1,1,1,1,1
BVH73_RS11860,1,1,1,1,1,1,1,1
GO970_RS15140,1,1,1,1,1,1,1,1
GO948_RS03535,1,1,1,1,1,1,1,1
TOC7_RS15240,1,1,1,1,1,1,1,1
GO985_RS15555,1,1,1,1,1,1,1,1
THIX_RS19235,1,1,1,1,1,1,1,1
THI_RS02570,1,1,1,1,1,1,1,1
TINT_RS02365,1,1,1,1,1,1,1,1
BVH73_RS02865,1,1,1,1,1,1,1,1
GO970_RS12695,1,1,1,1,1,1,1,1
GO948_RS05950,1,1,1,1,1,1,1,1
TOC7_RS12755,1,1,1,1,1,1,1,1
GO985_RS17990,1,1,1,1,1,1,1,1
THIX_RS07355,1,1,1,1,1,1,1,1
THI_RS07085,1,1,1,1,1,1,1,1
TINT_RS06175,1,1,1,1,1,1,1,1
BVH73_RS00310,1,1,1,1,1,1,1,1
GO970_RS01895,1,1,1,1,1,1,1,1
GO948_RS16695,1,1,1,1,1,1,1,1
TOC7_RS01885,1,1,1,1,1,1,1,1
GO985_RS10155,1,1,1,1,1,1,1,1
THIX_RS00840,1,1,1,1,1,1,1,1
THI_RS12065,1,1,1,1,1,1,1,1
TINT_RS11310,1,1,1,1,1,1,1,1
BVH73_RS12010,1,1,1,1,1,1,1,1
GO970_RS15295,1,1,1,1,1,1,1,1
GO948_RS03380,1,1,1,1,1,1,1,1
TOC7_RS15395,1,1,1,1,1,1,1,1
GO985_RS15400,1,1,1,1,1,1,1,1
THIX_RS09965,1,1,1,1,1,1,1,1
THI_RS13675,1,1,1,1,1,1,1,1
TINT_RS12845,1,1,1,1,1,1,1,1
BVH73_RS10645,1,1,1,1,1,1,1,1
GO970_RS05960,1,1,1,1,1,1,1,1
GO948_RS12640,1,1,1,1,1,1,1,1
TOC7_RS05960,1,1,1,1,1,1,1,1
GO985_RS06110,1,1,1,1,1,1,1,1
THIX_RS04045,1,1,1,1,1,1,1,1
THI_RS05500,1,1,1,1,1,1,1,1
TINT_RS04760,1,1,1,1,1,1,1,1
BVH73_RS12725,1,1,1,1,1,1,1,1
GO970_RS04145,1,1,1,1,1,1,1,1
GO948_RS14460,1,1,1,1,1,1,1,1
TOC7_RS04120,1,1,1,1,1,1,1,1
GO985_RS07915,1,1,1,1,1,1,1,1
THIX_RS18535,1,1,1,1,1,1,1,1
THI_RS08385,1,1,1,1,1,1,1,1
TINT_RS07205,1,1,1,1,1,1,1,1
BVH73_RS15215,1,1,1,1,1,1,1,1
GO970_RS00750,1,1,1,1,1,1,1,1
GO948_RS17840,1,1,1,1,1,1,1,1
TOC7_RS00740,1,1,1,1,1,1,1,1
GO985_RS11300,1,1,1,1,1,1,1,1
THIX_RS13725,1,1,1,1,1,1,1,1
THI_RS13560,1,1,1,1,1,1,1,1
TINT_RS12730,1,1,1,1,1,1,1,1
BVH73_RS10740,1,1,1,1,1,1,1,1
GO970_RS05850,1,1,1,1,1,1,1,1
GO948_RS12750,1,1,1,1,1,1,1,1
TOC7_RS05850,1,1,1,1,1,1,1,1
GO985_RS06220,1,1,1,1,1,1,1,1
THIX_RS07255,1,1,1,1,1,1,1,1
THI_RS13805,1,1,1,1,1,1,1,1
TINT_RS12975,1,1,1,1,1,1,1,1
BVH73_RS10515,1,1,1,1,1,1,1,1
GO970_RS06090,1,1,1,1,1,1,1,1
GO948_RS12510,1,1,1,1,1,1,1,1
TOC7_RS06090,1,1,1,1,1,1,1,1
GO985_RS05980,1,1,1,1,1,1,1,1
THIX_RS04630,1,1,1,1,1,1,1,1
THI_RS15875,1,1,1,1,1,1,1,1
TINT_RS14420,1,1,1,1,1,1,1,1
BVH73_RS06990,1,1,1,1,1,1,1,1
GO970_RS07530,1,1,1,1,1,1,1,1
GO948_RS11070,1,1,1,1,1,1,1,1
TOC7_RS07550,1,1,1,1,1,1,1,1
GO985_RS04535,1,1,1,1,1,1,1,1
THIX_RS20670,1,1,1,1,1,1,1,1
THI_RS00485,1,1,1,1,1,1,1,1
TINT_RS00455,1,1,1,1,1,1,1,1
BVH73_RS08995,1,1,1,1,1,1,1,1
GO970_RS09900,1,1,1,1,1,1,1,1
GO948_RS08740,1,1,1,1,1,1,1,1
TOC7_RS09910,1,1,1,1,1,1,1,1
GO985_RS02165,1,1,1,1,1,1,1,1
THIX_RS01475,1,1,1,1,1,1,1,1
THI_RS01065,1,1,1,1,1,1,1,1
TINT_RS00960,1,1,1,1,1,1,1,1
BVH73_RS09575,1,1,1,1,1,1,1,1
GO970_RS10415,1,1,1,1,1,1,1,1
GO948_RS08220,1,1,1,1,1,1,1,1
TOC7_RS10445,1,1,1,1,1,1,1,1
GO985_RS01645,1,1,1,1,1,1,1,1
THIX_RS03090,1,1,1,1,1,1,1,1
THI_RS01740,1,1,1,1,1,1,1,1
TINT_RS01700,1,1,1,1,1,1,1,1
BVH73_RS05850,1,1,1,1,1,1,1,1
GO970_RS11280,1,1,1,1,1,1,1,1
GO948_RS07350,1,1,1,1,1,1,1,1
TOC7_RS11335,1,1,1,1,1,1,1,1
GO985_RS00780,1,1,1,1,1,1,1,1
THIX_RS05700,1,1,1,1,1,1,1,1
THI_RS07135,1,1,1,1,1,1,1,1
TINT_RS06225,1,1,1,1,1,1,1,1
BVH73_RS14255,1,1,1,1,1,1,1,1
GO970_RS01845,1,1,1,1,1,1,1,1
GO948_RS16745,1,1,1,1,1,1,1,1
TOC7_RS01835,1,1,1,1,1,1,1,1
GO985_RS10205,1,1,1,1,1,1,1,1
THIX_RS09810,1,1,1,1,1,1,1,1
THI_RS07575,1,1,1,1,1,1,1,1
TINT_RS06675,1,1,1,1,1,1,1,1
BVH73_RS14640,1,1,1,1,1,1,1,1
GO970_RS01385,1,1,1,1,1,1,1,1
GO948_RS17205,1,1,1,1,1,1,1,1
TOC7_RS01375,1,1,1,1,1,1,1,1
GO985_RS10665,1,1,1,1,1,1,1,1
THIX_RS18730,1,1,1,1,1,1,1,1
THI_RS07150,1,1,1,1,1,1,1,1
TINT_RS06240,1,1,1,1,1,1,1,1
BVH73_RS14270,1,1,1,1,1,1,1,1
GO970_RS01830,1,1,1,1,1,1,1,1
GO948_RS16760,1,1,1,1,1,1,1,1
TOC7_RS01820,1,1,1,1,1,1,1,1
GO985_RS10220,1,1,1,1,1,1,1,1
THIX_RS09830,1,1,1,1,1,1,1,1
THI_RS07465,1,1,1,1,1,1,1,1
TINT_RS06560,1,1,1,1,1,1,1,1
BVH73_RS14520,1,1,1,1,1,1,1,1
GO970_RS01495,1,1,1,1,1,1,1,1
GO948_RS17095,1,1,1,1,1,1,1,1
TOC7_RS01485,1,1,1,1,1,1,1,1
GO985_RS10555,1,1,1,1,1,1,1,1
THIX_RS06470,1,1,1,1,1,1,1,1
THI_RS13765,1,1,1,1,1,1,1,1
TINT_RS12935,1,1,1,1,1,1,1,1
BVH73_RS10555,1,1,1,1,1,1,1,1
GO970_RS06050,1,1,1,1,1,1,1,1
GO948_RS12550,1,1,1,1,1,1,1,1
TOC7_RS06050,1,1,1,1,1,1,1,1
GO985_RS06020,1,1,1,1,1,1,1,1
THIX_RS18240,1,1,1,1,1,1,1,1
THI_RS15085,1,1,1,1,1,1,1,1
TINT_RS13645,1,1,1,1,1,1,1,1
BVH73_RS09895,1,1,1,1,1,1,1,1
GO970_RS06745,1,1,1,1,1,1,1,1
GO948_RS11855,1,1,1,1,1,1,1,1
TOC7_RS06745,1,1,1,1,1,1,1,1
GO985_RS05325,1,1,1,1,1,1,1,1
THIX_RS04225,1,1,1,1,1,1,1,1
THI_RS01945,1,1,1,1,1,1,1,1
TINT_RS01905,1,1,1,1,1,1,1,1
BVH73_RS05645,1,1,1,1,1,1,1,1
GO970_RS11495,1,1,1,1,1,1,1,1
GO948_RS07135,1,1,1,1,1,1,1,1
TOC7_RS11550,1,1,1,1,1,1,1,1
GO985_RS00565,1,1,1,1,1,1,1,1
THIX_RS04950,1,1,1,1,1,1,1,1
THI_RS12765,1,1,1,1,1,1,1,1
TINT_RS11945,1,1,1,1,1,1,1,1
BVH73_RS11375,1,1,1,1,1,1,1,1
GO970_RS14655,1,1,1,1,1,1,1,1
GO948_RS04020,1,1,1,1,1,1,1,1
TOC7_RS14755,1,1,1,1,1,1,1,1
GO985_RS16040,1,1,1,1,1,1,1,1
THIX_RS07095,1,1,1,1,1,1,1,1
THI_RS13680,1,1,1,1,1,1,1,1
TINT_RS12850,1,1,1,1,1,1,1,1
BVH73_RS10640,1,1,1,1,1,1,1,1
GO970_RS05965,1,1,1,1,1,1,1,1
GO948_RS12635,1,1,1,1,1,1,1,1
TOC7_RS05965,1,1,1,1,1,1,1,1
GO985_RS06105,1,1,1,1,1,1,1,1
THIX_RS04040,1,1,1,1,1,1,1,1
THI_RS13925,1,1,1,1,1,1,1,1
TINT_RS13095,1,1,1,1,1,1,1,1
BVH73_RS10365,1,1,1,1,1,1,1,1
GO970_RS06220,1,1,1,1,1,1,1,1
GO948_RS12380,1,1,1,1,1,1,1,1
TOC7_RS06220,1,1,1,1,1,1,1,1
GO985_RS05850,1,1,1,1,1,1,1,1
THIX_RS20555,1,1,1,1,1,1,1,1
THI_RS13965,1,1,1,1,1,1,1,1
TINT_RS13135,1,1,1,1,1,1,1,1
BVH73_RS10325,1,1,1,1,1,1,1,1
GO970_RS06260,1,1,1,1,1,1,1,1
GO948_RS12340,1,1,1,1,1,1,1,1
TOC7_RS06260,1,1,1,1,1,1,1,1
GO985_RS05810,1,1,1,1,1,1,1,1
THIX_RS20595,1,1,1,1,1,1,1,1
THI_RS01265,1,1,1,1,1,1,1,1
TINT_RS01175,1,1,1,1,1,1,1,1
BVH73_RS09705,1,1,1,1,1,1,1,1
GO970_RS10620,1,1,1,1,1,1,1,1
GO948_RS08015,1,1,1,1,1,1,1,1
TOC7_RS10650,1,1,1,1,1,1,1,1
GO985_RS01440,1,1,1,1,1,1,1,1
THIX_RS02425,1,1,1,1,1,1,1,1
THI_RS01755,1,1,1,1,1,1,1,1
TINT_RS01715,1,1,1,1,1,1,1,1
BVH73_RS05835,1,1,1,1,1,1,1,1
GO970_RS11300,1,1,1,1,1,1,1,1
GO948_RS07330,1,1,1,1,1,1,1,1
TOC7_RS11355,1,1,1,1,1,1,1,1
GO985_RS00760,1,1,1,1,1,1,1,1
THIX_RS05685,1,1,1,1,1,1,1,1
THI_RS05350,1,1,1,1,1,1,1,1
TINT_RS04610,1,1,1,1,1,1,1,1
BVH73_RS12555,1,1,1,1,1,1,1,1
GO970_RS04285,1,1,1,1,1,1,1,1
GO948_RS14320,1,1,1,1,1,1,1,1
TOC7_RS04260,1,1,1,1,1,1,1,1
GO985_RS07775,1,1,1,1,1,1,1,1
THIX_RS03935,1,1,1,1,1,1,1,1
THI_RS18115,1,1,1,1,1,1,1,1
TINT_RS06150,1,1,1,1,1,1,1,1
BVH73_RS00340,1,1,1,1,1,1,1,1
GO970_RS16655,1,1,1,1,1,1,1,1
GO948_RS02015,1,1,1,1,1,1,1,1
TOC7_RS16770,1,1,1,1,1,1,1,1
GO985_RS14040,1,1,1,1,1,1,1,1
THIX_RS13090,1,1,1,1,1,1,1,1
THI_RS11895,1,1,1,1,1,1,1,1
TINT_RS11230,1,1,1,1,1,1,1,1
BVH73_RS12170,1,1,1,1,1,1,1,1
GO970_RS15375,1,1,1,1,1,1,1,1
GO948_RS03300,1,1,1,1,1,1,1,1
TOC7_RS15475,1,1,1,1,1,1,1,1
GO985_RS15320,1,1,1,1,1,1,1,1
THIX_RS05670,1,1,1,1,1,1,1,1
THI_RS05880,1,1,1,1,1,1,1,1
TINT_RS05155,1,1,1,1,1,1,1,1
BVH73_RS13255,1,1,1,1,1,1,1,1
GO970_RS03750,1,1,1,1,1,1,1,1
GO948_RS14855,1,1,1,1,1,1,1,1
TOC7_RS03725,1,1,1,1,1,1,1,1
GO985_RS08310,1,1,1,1,1,1,1,1
THIX_RS19740,1,1,1,1,1,1,1,1
THI_RS09700,1,1,1,1,1,1,1,1
TINT_RS08525,1,1,1,1,1,1,1,1
BVH73_RS13795,1,1,1,1,1,1,1,1
GO970_RS18320,1,1,1,1,1,1,1,1
GO948_RS00350,1,1,1,1,1,1,1,1
TOC7_RS18435,1,1,1,1,1,1,1,1
GO985_RS12375,1,1,1,1,1,1,1,1
THIX_RS04850,1,1,1,1,1,1,1,1
THI_RS09910,1,1,1,1,1,1,1,1
TINT_RS08730,1,1,1,1,1,1,1,1
BVH73_RS13575,1,1,1,1,1,1,1,1
GO970_RS18110,1,1,1,1,1,1,1,1
GO948_RS00560,1,1,1,1,1,1,1,1
TOC7_RS18225,1,1,1,1,1,1,1,1
GO985_RS12585,1,1,1,1,1,1,1,1
THIX_RS13560,1,1,1,1,1,1,1,1
THI_RS10215,1,1,1,1,1,1,1,1
TINT_RS09035,1,1,1,1,1,1,1,1
BVH73_RS01150,1,1,1,1,1,1,1,1
GO970_RS02760,1,1,1,1,1,1,1,1
GO948_RS15825,1,1,1,1,1,1,1,1
TOC7_RS02755,1,1,1,1,1,1,1,1
GO985_RS09285,1,1,1,1,1,1,1,1
THIX_RS17270,1,1,1,1,1,1,1,1
THI_RS07330,1,1,1,1,1,1,1,1
TINT_RS06425,1,1,1,1,1,1,1,1
BVH73_RS14390,1,1,1,1,1,1,1,1
GO970_RS01645,1,1,1,1,1,1,1,1
GO948_RS16945,1,1,1,1,1,1,1,1
TOC7_RS01635,1,1,1,1,1,1,1,1
GO985_RS10405,1,1,1,1,1,1,1,1
THIX_RS11750,1,1,1,1,1,1,1,1
THI_RS09925,1,1,1,1,1,1,1,1
TINT_RS08745,1,1,1,1,1,1,1,1
BVH73_RS13560,1,1,1,1,1,1,1,1
GO970_RS18095,1,1,1,1,1,1,1,1
GO948_RS00575,1,1,1,1,1,1,1,1
TOC7_RS18210,1,1,1,1,1,1,1,1
GO985_RS12600,1,1,1,1,1,1,1,1
THIX_RS13575,1,1,1,1,1,1,1,1
THI_RS13570,1,1,1,1,1,1,1,1
TINT_RS12740,1,1,1,1,1,1,1,1
BVH73_RS10730,1,1,1,1,1,1,1,1
GO970_RS05860,1,1,1,1,1,1,1,1
GO948_RS12740,1,1,1,1,1,1,1,1
TOC7_RS05860,1,1,1,1,1,1,1,1
GO985_RS06210,1,1,1,1,1,1,1,1
THIX_RS07245,1,1,1,1,1,1,1,1
THI_RS10605,1,1,1,1,1,1,1,1
TINT_RS09400,1,1,1,1,1,1,1,1
BVH73_RS01490,1,1,1,1,1,1,1,1
GO970_RS03145,1,1,1,1,1,1,1,1
GO948_RS15440,1,1,1,1,1,1,1,1
TOC7_RS03140,1,1,1,1,1,1,1,1
GO985_RS08900,1,1,1,1,1,1,1,1
THIX_RS13250,1,1,1,1,1,1,1,1
THI_RS12750,1,1,1,1,1,1,1,1
TINT_RS11930,1,1,1,1,1,1,1,1
BVH73_RS11390,1,1,1,1,1,1,1,1
GO970_RS14670,1,1,1,1,1,1,1,1
GO948_RS04005,1,1,1,1,1,1,1,1
TOC7_RS14770,1,1,1,1,1,1,1,1
GO985_RS16025,1,1,1,1,1,1,1,1
THIX_RS07110,1,1,1,1,1,1,1,1
THI_RS00470,1,1,1,1,1,1,1,1
TINT_RS00440,1,1,1,1,1,1,1,1
BVH73_RS08980,1,1,1,1,1,1,1,1
GO970_RS09885,1,1,1,1,1,1,1,1
GO948_RS08755,1,1,1,1,1,1,1,1
TOC7_RS09895,1,1,1,1,1,1,1,1
GO985_RS02180,1,1,1,1,1,1,1,1
THIX_RS01460,1,1,1,1,1,1,1,1
THI_RS07055,1,1,1,1,1,1,1,1
TINT_RS06105,1,1,1,1,1,1,1,1
BVH73_RS00380,1,1,1,1,1,1,1,1
GO970_RS01965,1,1,1,1,1,1,1,1
GO948_RS16625,1,1,1,1,1,1,1,1
TOC7_RS01955,1,1,1,1,1,1,1,1
GO985_RS10085,1,1,1,1,1,1,1,1
THIX_RS00575,1,1,1,1,1,1,1,1
THI_RS12965,1,1,1,1,1,1,1,1
TINT_RS12145,1,1,1,1,1,1,1,1
BVH73_RS11195,1,1,1,1,1,1,1,1
GO970_RS14455,1,1,1,1,1,1,1,1
GO948_RS04220,1,1,1,1,1,1,1,1
TOC7_RS14555,1,1,1,1,1,1,1,1
GO985_RS16240,1,1,1,1,1,1,1,1
THIX_RS05745,1,1,1,1,1,1,1,1
THI_RS01460,1,1,1,1,1,1,1,1
TINT_RS01400,1,1,1,1,1,1,1,1
BVH73_RS06000,1,1,1,1,1,1,1,1
GO970_RS10915,1,1,1,1,1,1,1,1
GO948_RS07720,1,1,1,1,1,1,1,1
TOC7_RS10945,1,1,1,1,1,1,1,1
GO985_RS01145,1,1,1,1,1,1,1,1
THIX_RS01785,1,1,1,1,1,1,1,1
THI_RS02700,1,1,1,1,1,1,1,1
TINT_RS02495,1,1,1,1,1,1,1,1
BVH73_RS02690,1,1,1,1,1,1,1,1
GO970_RS12835,1,1,1,1,1,1,1,1
GO948_RS05810,1,1,1,1,1,1,1,1
TOC7_RS12895,1,1,1,1,1,1,1,1
GO985_RS17850,1,1,1,1,1,1,1,1
THIX_RS08945,1,1,1,1,1,1,1,1
THI_RS05055,1,1,1,1,1,1,1,1
TINT_RS04325,1,1,1,1,1,1,1,1
BVH73_RS03725,1,1,1,1,1,1,1,1
GO970_RS04595,1,1,1,1,1,1,1,1
GO948_RS14010,1,1,1,1,1,1,1,1
TOC7_RS04570,1,1,1,1,1,1,1,1
GO985_RS07465,1,1,1,1,1,1,1,1
THIX_RS20000,1,1,1,1,1,1,1,1
THI_RS08660,1,1,1,1,1,1,1,1
TINT_RS07480,1,1,1,1,1,1,1,1
BVH73_RS00055,1,1,1,1,1,1,1,1
GO970_RS00465,1,1,1,1,1,1,1,1
GO948_RS18125,1,1,1,1,1,1,1,1
TOC7_RS00455,1,1,1,1,1,1,1,1
GO985_RS11580,1,1,1,1,1,1,1,1
THIX_RS14585,1,1,1,1,1,1,1,1
THI_RS09725,1,1,1,1,1,1,1,1
TINT_RS08550,1,1,1,1,1,1,1,1
BVH73_RS13770,1,1,1,1,1,1,1,1
GO970_RS18295,1,1,1,1,1,1,1,1
GO948_RS00375,1,1,1,1,1,1,1,1
TOC7_RS18410,1,1,1,1,1,1,1,1
GO985_RS12400,1,1,1,1,1,1,1,1
THIX_RS04825,1,1,1,1,1,1,1,1
THI_RS10015,1,1,1,1,1,1,1,1
TINT_RS08835,1,1,1,1,1,1,1,1
BVH73_RS13475,1,1,1,1,1,1,1,1
GO970_RS18005,1,1,1,1,1,1,1,1
GO948_RS00665,1,1,1,1,1,1,1,1
TOC7_RS18120,1,1,1,1,1,1,1,1
GO985_RS12690,1,1,1,1,1,1,1,1
THIX_RS15635,1,1,1,1,1,1,1,1
THI_RS10490,1,1,1,1,1,1,1,1
TINT_RS09285,1,1,1,1,1,1,1,1
BVH73_RS01380,1,1,1,1,1,1,1,1
GO970_RS03030,1,1,1,1,1,1,1,1
GO948_RS15555,1,1,1,1,1,1,1,1
TOC7_RS03025,1,1,1,1,1,1,1,1
GO985_RS09015,1,1,1,1,1,1,1,1
THIX_RS16715,1,1,1,1,1,1,1,1
THI_RS15215,1,1,1,1,1,1,1,1
TINT_RS13775,1,1,1,1,1,1,1,1
BVH73_RS06285,1,1,1,1,1,1,1,1
GO970_RS06875,1,1,1,1,1,1,1,1
GO948_RS11725,1,1,1,1,1,1,1,1
TOC7_RS06875,1,1,1,1,1,1,1,1
GO985_RS05195,1,1,1,1,1,1,1,1
THIX_RS02555,1,1,1,1,1,1,1,1
THI_RS15495,1,1,1,1,1,1,1,1
TINT_RS14055,1,1,1,1,1,1,1,1
BVH73_RS06585,1,1,1,1,1,1,1,1
GO970_RS07165,1,1,1,1,1,1,1,1
GO948_RS11435,1,1,1,1,1,1,1,1
TOC7_RS07180,1,1,1,1,1,1,1,1
GO985_RS04900,1,1,1,1,1,1,1,1
THIX_RS02495,1,1,1,1,1,1,1,1
THI_RS01370,1,1,1,1,1,1,1,1
TINT_RS01280,1,1,1,1,1,1,1,1
BVH73_RS06090,1,1,1,1,1,1,1,1
GO970_RS10815,1,1,1,1,1,1,1,1
GO948_RS07820,1,1,1,1,1,1,1,1
TOC7_RS10845,1,1,1,1,1,1,1,1
GO985_RS01245,1,1,1,1,1,1,1,1
THIX_RS01850,1,1,1,1,1,1,1,1
THI_RS04080,1,1,1,1,1,1,1,1
TINT_RS03570,1,1,1,1,1,1,1,1
BVH73_RS04470,1,1,1,1,1,1,1,1
GO970_RS14030,1,1,1,1,1,1,1,1
GO948_RS04615,1,1,1,1,1,1,1,1
TOC7_RS14090,1,1,1,1,1,1,1,1
GO985_RS16655,1,1,1,1,1,1,1,1
THIX_RS07550,1,1,1,1,1,1,1,1
THI_RS11880,1,1,1,1,1,1,1,1
TINT_RS11215,1,1,1,1,1,1,1,1
BVH73_RS12200,1,1,1,1,1,1,1,1
GO970_RS15390,1,1,1,1,1,1,1,1
GO948_RS03285,1,1,1,1,1,1,1,1
TOC7_RS15490,1,1,1,1,1,1,1,1
GO985_RS15305,1,1,1,1,1,1,1,1
THIX_RS05130,1,1,1,1,1,1,1,1
THI_RS00160,1,1,1,1,1,1,1,1
TINT_RS00170,1,1,1,1,1,1,1,1
BVH73_RS08670,1,1,1,1,1,1,1,1
GO970_RS09625,1,1,1,1,1,1,1,1
GO948_RS09015,1,1,1,1,1,1,1,1
TOC7_RS09635,1,1,1,1,1,1,1,1
GO985_RS02440,1,1,1,1,1,1,1,1
THIX_RS02630,1,1,1,1,1,1,1,1
THI_RS02695,1,1,1,1,1,1,1,1
TINT_RS02490,1,1,1,1,1,1,1,1
BVH73_RS02705,1,1,1,1,1,1,1,1
GO970_RS12830,1,1,1,1,1,1,1,1
GO948_RS05815,1,1,1,1,1,1,1,1
TOC7_RS12890,1,1,1,1,1,1,1,1
GO985_RS17855,1,1,1,1,1,1,1,1
THIX_RS08940,1,1,1,1,1,1,1,1
THI_RS04390,1,1,1,1,1,1,1,1
TINT_RS03700,1,1,1,1,1,1,1,1
BVH73_RS04330,1,1,1,1,1,1,1,1
GO970_RS05200,1,1,1,1,1,1,1,1
GO948_RS13405,1,1,1,1,1,1,1,1
TOC7_RS05175,1,1,1,1,1,1,1,1
GO985_RS06860,1,1,1,1,1,1,1,1
THIX_RS08125,1,1,1,1,1,1,1,1
THI_RS05080,1,1,1,1,1,1,1,1
TINT_RS04350,1,1,1,1,1,1,1,1
BVH73_RS03695,1,1,1,1,1,1,1,1
GO970_RS04565,1,1,1,1,1,1,1,1
GO948_RS14040,1,1,1,1,1,1,1,1
TOC7_RS04540,1,1,1,1,1,1,1,1
GO985_RS07495,1,1,1,1,1,1,1,1
THIX_RS19970,1,1,1,1,1,1,1,1
THI_RS09520,1,1,1,1,1,1,1,1
TINT_RS08345,1,1,1,1,1,1,1,1
BVH73_RS13995,1,1,1,1,1,1,1,1
GO970_RS18505,1,1,1,1,1,1,1,1
GO948_RS00165,1,1,1,1,1,1,1,1
TOC7_RS18620,1,1,1,1,1,1,1,1
GO985_RS12190,1,1,1,1,1,1,1,1
THIX_RS09580,1,1,1,1,1,1,1,1
THI_RS12325,1,1,1,1,1,1,1,1
TINT_RS11570,1,1,1,1,1,1,1,1
BVH73_RS11750,1,1,1,1,1,1,1,1
GO970_RS15030,1,1,1,1,1,1,1,1
GO948_RS03645,1,1,1,1,1,1,1,1
TOC7_RS15130,1,1,1,1,1,1,1,1
GO985_RS15665,1,1,1,1,1,1,1,1
THIX_RS06330,1,1,1,1,1,1,1,1
THI_RS05695,1,1,1,1,1,1,1,1
TINT_RS04955,1,1,1,1,1,1,1,1
BVH73_RS12870,1,1,1,1,1,1,1,1
GO970_RS03940,1,1,1,1,1,1,1,1
GO948_RS14665,1,1,1,1,1,1,1,1
TOC7_RS03915,1,1,1,1,1,1,1,1
GO985_RS08120,1,1,1,1,1,1,1,1
THIX_RS19165,1,1,1,1,1,1,1,1
THI_RS07560,1,1,1,1,1,1,1,1
TINT_RS06660,1,1,1,1,1,1,1,1
BVH73_RS14625,1,1,1,1,1,1,1,1
GO970_RS01400,1,1,1,1,1,1,1,1
GO948_RS17190,1,1,1,1,1,1,1,1
TOC7_RS01390,1,1,1,1,1,1,1,1
GO985_RS10650,1,1,1,1,1,1,1,1
THIX_RS18755,1,1,1,1,1,1,1,1
THI_RS17440,1,1,1,1,1,1,1,1
TINT_RS15785,1,1,1,1,1,1,1,1
BVH73_RS08095,1,1,1,1,1,1,1,1
GO970_RS09140,1,1,1,1,1,1,1,1
GO948_RS09475,1,1,1,1,1,1,1,1
TOC7_RS09155,1,1,1,1,1,1,1,1
GO985_RS02920,1,1,1,1,1,1,1,1
THIX_RS02535,1,1,1,1,1,1,1,1
THI_RS10405,1,1,1,1,1,1,1,1
TINT_RS09205,1,1,1,1,1,1,1,1
BVH73_RS01325,1,1,1,1,1,1,1,1
GO970_RS02945,1,1,1,1,1,1,1,1
GO948_RS15640,1,1,1,1,1,1,1,1
TOC7_RS02940,1,1,1,1,1,1,1,1
GO985_RS09100,1,1,1,1,1,1,1,1
THIX_RS15450,1,1,1,1,1,1,1,1
THI_RS11605,1,1,1,1,1,1,1,1
TINT_RS10955,1,1,1,1,1,1,1,1
BVH73_RS03500,1,1,1,1,1,1,1,1
GO970_RS15585,1,1,1,1,1,1,1,1
GO948_RS03090,1,1,1,1,1,1,1,1
TOC7_RS15685,1,1,1,1,1,1,1,1
GO985_RS15110,1,1,1,1,1,1,1,1
THIX_RS19920,1,1,1,1,1,1,1,1
THI_RS17615,1,1,1,1,1,1,1,1
TINT_RS16010,1,1,1,1,1,1,1,1
BVH73_RS08235,1,1,1,1,1,1,1,1
GO970_RS09295,1,1,1,1,1,1,1,1
GO948_RS09320,1,1,1,1,1,1,1,1
TOC7_RS09310,1,1,1,1,1,1,1,1
GO985_RS02765,1,1,1,1,1,1,1,1
THIX_RS02025,1,1,1,1,1,1,1,1
THI_RS07385,1,1,1,1,1,1,1,1
TINT_RS06480,1,1,1,1,1,1,1,1
BVH73_RS14445,1,1,1,1,1,1,1,1
GO970_RS01590,1,1,1,1,1,1,1,1
GO948_RS17000,1,1,1,1,1,1,1,1
TOC7_RS01580,1,1,1,1,1,1,1,1
GO985_RS10460,1,1,1,1,1,1,1,1
THIX_RS11695,1,1,1,1,1,1,1,1
THI_RS04560,1,1,1,1,1,1,1,1
TINT_RS03855,1,1,1,1,1,1,1,1
BVH73_RS04160,1,1,1,1,1,1,1,1
GO970_RS05045,1,1,1,1,1,1,1,1
GO948_RS13560,1,1,1,1,1,1,1,1
TOC7_RS05020,1,1,1,1,1,1,1,1
GO985_RS07015,1,1,1,1,1,1,1,1
THIX_RS11620,1,1,1,1,1,1,1,1
THI_RS13905,1,1,1,1,1,1,1,1
TINT_RS13075,1,1,1,1,1,1,1,1
BVH73_RS10390,1,1,1,1,1,1,1,1
GO970_RS06195,1,1,1,1,1,1,1,1
GO948_RS12405,1,1,1,1,1,1,1,1
TOC7_RS06195,1,1,1,1,1,1,1,1
GO985_RS05875,1,1,1,1,1,1,1,1
THIX_RS20530,1,1,1,1,1,1,1,1
THI_RS04495,1,1,1,1,1,1,1,1
TINT_RS03800,1,1,1,1,1,1,1,1
BVH73_RS04215,1,1,1,1,1,1,1,1
GO970_RS05110,1,1,1,1,1,1,1,1
GO948_RS13495,1,1,1,1,1,1,1,1
TOC7_RS05085,1,1,1,1,1,1,1,1
GO985_RS06950,1,1,1,1,1,1,1,1
THIX_RS13015,1,1,1,1,1,1,1,1
THI_RS10050,1,1,1,1,1,1,1,1
TINT_RS08870,1,1,1,1,1,1,1,1
BVH73_RS13440,1,1,1,1,1,1,1,1
GO970_RS17970,1,1,1,1,1,1,1,1
GO948_RS00700,1,1,1,1,1,1,1,1
TOC7_RS18085,1,1,1,1,1,1,1,1
GO985_RS12725,1,1,1,1,1,1,1,1
THIX_RS15665,1,1,1,1,1,1,1,1
THI_RS11320,1,1,1,1,1,1,1,1
TINT_RS10670,1,1,1,1,1,1,1,1
BVH73_RS02420,1,1,1,1,1,1,1,1
GO970_RS15900,1,1,1,1,1,1,1,1
GO948_RS02775,1,1,1,1,1,1,1,1
TOC7_RS16000,1,1,1,1,1,1,1,1
GO985_RS14795,1,1,1,1,1,1,1,1
THIX_RS17455,1,1,1,1,1,1,1,1
THI_RS13770,1,1,1,1,1,1,1,1
TINT_RS12940,1,1,1,1,1,1,1,1
BVH73_RS10550,1,1,1,1,1,1,1,1
GO970_RS06055,1,1,1,1,1,1,1,1
GO948_RS12545,1,1,1,1,1,1,1,1
TOC7_RS06055,1,1,1,1,1,1,1,1
GO985_RS06015,1,1,1,1,1,1,1,1
THIX_RS04660,1,1,1,1,1,1,1,1
THI_RS14730,1,1,1,1,1,1,1,1
TINT_RS13340,1,1,1,1,1,1,1,1
BVH73_RS02550,1,1,1,1,1,1,1,1
GO970_RS06460,1,1,1,1,1,1,1,1
GO948_RS12140,1,1,1,1,1,1,1,1
TOC7_RS06460,1,1,1,1,1,1,1,1
GO985_RS05610,1,1,1,1,1,1,1,1
THIX_RS18180,1,1,1,1,1,1,1,1
THI_RS15870,1,1,1,1,1,1,1,1
TINT_RS14415,1,1,1,1,1,1,1,1
BVH73_RS06985,1,1,1,1,1,1,1,1
GO970_RS07525,1,1,1,1,1,1,1,1
GO948_RS11075,1,1,1,1,1,1,1,1
TOC7_RS07545,1,1,1,1,1,1,1,1
GO985_RS04540,1,1,1,1,1,1,1,1
THIX_RS20665,1,1,1,1,1,1,1,1
THI_RS15970,1,1,1,1,1,1,1,1
TINT_RS14515,1,1,1,1,1,1,1,1
BVH73_RS07085,1,1,1,1,1,1,1,1
GO970_RS07625,1,1,1,1,1,1,1,1
GO948_RS10975,1,1,1,1,1,1,1,1
TOC7_RS07645,1,1,1,1,1,1,1,1
GO985_RS04440,1,1,1,1,1,1,1,1
THIX_RS21435,1,1,1,1,1,1,1,1
THI_RS00845,1,1,1,1,1,1,1,1
TINT_RS00820,1,1,1,1,1,1,1,1
BVH73_RS09445,1,1,1,1,1,1,1,1
GO970_RS10205,1,1,1,1,1,1,1,1
GO948_RS08435,1,1,1,1,1,1,1,1
TOC7_RS10230,1,1,1,1,1,1,1,1
GO985_RS01860,1,1,1,1,1,1,1,1
THIX_RS19040,1,1,1,1,1,1,1,1
THI_RS04720,1,1,1,1,1,1,1,1
TINT_RS04005,1,1,1,1,1,1,1,1
BVH73_RS03995,1,1,1,1,1,1,1,1
GO970_RS04920,1,1,1,1,1,1,1,1
GO948_RS13685,1,1,1,1,1,1,1,1
TOC7_RS04895,1,1,1,1,1,1,1,1
GO985_RS07140,1,1,1,1,1,1,1,1
THIX_RS20275,1,1,1,1,1,1,1,1
THI_RS10055,1,1,1,1,1,1,1,1
TINT_RS08875,1,1,1,1,1,1,1,1
BVH73_RS13435,1,1,1,1,1,1,1,1
GO970_RS17965,1,1,1,1,1,1,1,1
GO948_RS00705,1,1,1,1,1,1,1,1
TOC7_RS18080,1,1,1,1,1,1,1,1
GO985_RS12730,1,1,1,1,1,1,1,1
THIX_RS15670,1,1,1,1,1,1,1,1
THI_RS12100,1,1,1,1,1,1,1,1
TINT_RS11345,1,1,1,1,1,1,1,1
BVH73_RS11975,1,1,1,1,1,1,1,1
GO970_RS15260,1,1,1,1,1,1,1,1
GO948_RS03415,1,1,1,1,1,1,1,1
TOC7_RS15360,1,1,1,1,1,1,1,1
GO985_RS15435,1,1,1,1,1,1,1,1
THIX_RS09930,1,1,1,1,1,1,1,1
THI_RS02545,1,1,1,1,1,1,1,1
TINT_RS02340,1,1,1,1,1,1,1,1
BVH73_RS02895,1,1,1,1,1,1,1,1
GO970_RS12670,1,1,1,1,1,1,1,1
GO948_RS05975,1,1,1,1,1,1,1,1
TOC7_RS12730,1,1,1,1,1,1,1,1
GO985_RS18015,1,1,1,1,1,1,1,1
THIX_RS07825,1,1,1,1,1,1,1,1
THI_RS04990,1,1,1,1,1,1,1,1
TINT_RS04260,1,1,1,1,1,1,1,1
BVH73_RS03790,1,1,1,1,1,1,1,1
GO970_RS04660,1,1,1,1,1,1,1,1
GO948_RS13945,1,1,1,1,1,1,1,1
TOC7_RS04635,1,1,1,1,1,1,1,1
GO985_RS07400,1,1,1,1,1,1,1,1
THIX_RS20065,1,1,1,1,1,1,1,1
THI_RS08470,1,1,1,1,1,1,1,1
TINT_RS07290,1,1,1,1,1,1,1,1
BVH73_RS15250,1,1,1,1,1,1,1,1
GO970_RS00655,1,1,1,1,1,1,1,1
GO948_RS17935,1,1,1,1,1,1,1,1
TOC7_RS00645,1,1,1,1,1,1,1,1
GO985_RS11390,1,1,1,1,1,1,1,1
THIX_RS13865,1,1,1,1,1,1,1,1
THI_RS15735,1,1,1,1,1,1,1,1
TINT_RS14280,1,1,1,1,1,1,1,1
BVH73_RS06835,1,1,1,1,1,1,1,1
GO970_RS07390,1,1,1,1,1,1,1,1
GO948_RS11210,1,1,1,1,1,1,1,1
TOC7_RS07405,1,1,1,1,1,1,1,1
GO985_RS04675,1,1,1,1,1,1,1,1
THIX_RS03775,1,1,1,1,1,1,1,1
THI_RS05000,1,1,1,1,1,1,1,1
TINT_RS04270,1,1,1,1,1,1,1,1
BVH73_RS03780,1,1,1,1,1,1,1,1
GO970_RS04650,1,1,1,1,1,1,1,1
GO948_RS13955,1,1,1,1,1,1,1,1
TOC7_RS04625,1,1,1,1,1,1,1,1
GO985_RS07410,1,1,1,1,1,1,1,1
THIX_RS20055,1,1,1,1,1,1,1,1
THI_RS05400,1,1,1,1,1,1,1,1
TINT_RS04660,1,1,1,1,1,1,1,1
BVH73_RS12630,1,1,1,1,1,1,1,1
GO970_RS04235,1,1,1,1,1,1,1,1
GO948_RS14370,1,1,1,1,1,1,1,1
TOC7_RS04210,1,1,1,1,1,1,1,1
GO985_RS07825,1,1,1,1,1,1,1,1
THIX_RS06905,1,1,1,1,1,1,1,1
THI_RS11725,1,1,1,1,1,1,1,1
TINT_RS11085,1,1,1,1,1,1,1,1
BVH73_RS12335,1,1,1,1,1,1,1,1
GO970_RS15525,1,1,1,1,1,1,1,1
GO948_RS03150,1,1,1,1,1,1,1,1
TOC7_RS15625,1,1,1,1,1,1,1,1
GO985_RS15170,1,1,1,1,1,1,1,1
THIX_RS19755,1,1,1,1,1,1,1,1
THI_RS11865,1,1,1,1,1,1,1,1
TINT_RS11200,1,1,1,1,1,1,1,1
BVH73_RS12215,1,1,1,1,1,1,1,1
GO970_RS15405,1,1,1,1,1,1,1,1
GO948_RS03270,1,1,1,1,1,1,1,1
TOC7_RS15505,1,1,1,1,1,1,1,1
GO985_RS15290,1,1,1,1,1,1,1,1
THIX_RS05145,1,1,1,1,1,1,1,1
THI_RS15160,1,1,1,1,1,1,1,1
TINT_RS13720,1,1,1,1,1,1,1,1
BVH73_RS06215,1,1,1,1,1,1,1,1
GO970_RS06820,1,1,1,1,1,1,1,1
GO948_RS11780,1,1,1,1,1,1,1,1
TOC7_RS06820,1,1,1,1,1,1,1,1
GO985_RS05250,1,1,1,1,1,1,1,1
THIX_RS16330,1,1,1,1,1,1,1,1
THI_RS02635,1,1,1,1,1,1,1,1
TINT_RS02430,1,1,1,1,1,1,1,1
BVH73_RS02795,1,1,1,1,1,1,1,1
GO970_RS12760,1,1,1,1,1,1,1,1
GO948_RS05885,1,1,1,1,1,1,1,1
TOC7_RS12820,1,1,1,1,1,1,1,1
GO985_RS17925,1,1,1,1,1,1,1,1
THIX_RS19395,1,1,1,1,1,1,1,1
THI_RS09575,1,1,1,1,1,1,1,1
TINT_RS08400,1,1,1,1,1,1,1,1
BVH73_RS13945,1,1,1,1,1,1,1,1
GO970_RS18450,1,1,1,1,1,1,1,1
GO948_RS00220,1,1,1,1,1,1,1,1
TOC7_RS18565,1,1,1,1,1,1,1,1
GO985_RS12245,1,1,1,1,1,1,1,1
THIX_RS16855,1,1,1,1,1,1,1,1
THI_RS11845,1,1,1,1,1,1,1,1
TINT_RS11190,1,1,1,1,1,1,1,1
BVH73_RS12225,1,1,1,1,1,1,1,1
GO970_RS15415,1,1,1,1,1,1,1,1
GO948_RS03260,1,1,1,1,1,1,1,1
TOC7_RS15515,1,1,1,1,1,1,1,1
GO985_RS15280,1,1,1,1,1,1,1,1
THIX_RS19855,1,1,1,1,1,1,1,1
THI_RS13580,1,1,1,1,1,1,1,1
TINT_RS12750,1,1,1,1,1,1,1,1
BVH73_RS10720,1,1,1,1,1,1,1,1
GO970_RS05870,1,1,1,1,1,1,1,1
GO948_RS12730,1,1,1,1,1,1,1,1
TOC7_RS05870,1,1,1,1,1,1,1,1
GO985_RS06200,1,1,1,1,1,1,1,1
THIX_RS07235,1,1,1,1,1,1,1,1
THI_RS15705,1,1,1,1,1,1,1,1
TINT_RS14260,1,1,1,1,1,1,1,1
BVH73_RS06800,1,1,1,1,1,1,1,1
GO970_RS07370,1,1,1,1,1,1,1,1
GO948_RS11230,1,1,1,1,1,1,1,1
TOC7_RS07385,1,1,1,1,1,1,1,1
GO985_RS04695,1,1,1,1,1,1,1,1
THIX_RS05530,1,1,1,1,1,1,1,1
THI_RS13860,1,1,1,1,1,1,1,1
TINT_RS13030,1,1,1,1,1,1,1,1
BVH73_RS10450,1,1,1,1,1,1,1,1
GO970_RS06150,1,1,1,1,1,1,1,1
GO948_RS12450,1,1,1,1,1,1,1,1
TOC7_RS06150,1,1,1,1,1,1,1,1
GO985_RS05920,1,1,1,1,1,1,1,1
THIX_RS04565,1,1,1,1,1,1,1,1
THI_RS14795,1,1,1,1,1,1,1,1
TINT_RS09655,1,1,1,1,1,1,1,1
BVH73_RS14210,1,1,1,1,1,1,1,1
GO970_RS18890,1,1,1,1,1,1,1,1
GO948_RS01750,1,1,1,1,1,1,1,1
TOC7_RS17035,1,1,1,1,1,1,1,1
GO985_RS13775,1,1,1,1,1,1,1,1
THIX_RS10830,1,1,1,1,1,1,1,1
THI_RS05790,1,1,1,1,1,1,1,1
TINT_RS05065,1,1,1,1,1,1,1,1
BVH73_RS13165,1,1,1,1,1,1,1,1
GO970_RS03840,1,1,1,1,1,1,1,1
GO948_RS14765,1,1,1,1,1,1,1,1
TOC7_RS03815,1,1,1,1,1,1,1,1
GO985_RS08220,1,1,1,1,1,1,1,1
THIX_RS10055,1,1,1,1,1,1,1,1
THI_RS06090,1,1,1,1,1,1,1,1
TINT_RS05270,1,1,1,1,1,1,1,1
BVH73_RS12970,1,1,1,1,1,1,1,1
GO970_RS03635,1,1,1,1,1,1,1,1
GO948_RS14970,1,1,1,1,1,1,1,1
TOC7_RS03610,1,1,1,1,1,1,1,1
GO985_RS08425,1,1,1,1,1,1,1,1
THIX_RS04420,1,1,1,1,1,1,1,1
THI_RS06155,1,1,1,1,1,1,1,1
TINT_RS05335,1,1,1,1,1,1,1,1
BVH73_RS13035,1,1,1,1,1,1,1,1
GO970_RS03570,1,1,1,1,1,1,1,1
GO948_RS15035,1,1,1,1,1,1,1,1
TOC7_RS03545,1,1,1,1,1,1,1,1
GO985_RS08490,1,1,1,1,1,1,1,1
THIX_RS06540,1,1,1,1,1,1,1,1
THI_RS08375,1,1,1,1,1,1,1,1
TINT_RS07195,1,1,1,1,1,1,1,1
BVH73_RS15205,1,1,1,1,1,1,1,1
GO970_RS00760,1,1,1,1,1,1,1,1
GO948_RS17830,1,1,1,1,1,1,1,1
TOC7_RS00750,1,1,1,1,1,1,1,1
GO985_RS11290,1,1,1,1,1,1,1,1
THIX_RS16735,1,1,1,1,1,1,1,1
THI_RS14530,1,1,1,1,1,1,1,1
TINT_RS15320,1,1,1,1,1,1,1,1
BVH73_RS01255,1,1,1,1,1,1,1,1
GO970_RS19095,1,1,1,1,1,1,1,1
GO948_RS01545,1,1,1,1,1,1,1,1
TOC7_RS17240,1,1,1,1,1,1,1,1
GO985_RS13570,1,1,1,1,1,1,1,1
THIX_RS10355,1,1,1,1,1,1,1,1
THI_RS05785,1,1,1,1,1,1,1,1
TINT_RS05050,1,1,1,1,1,1,1,1
BVH73_RS13160,1,1,1,1,1,1,1,1
GO970_RS03845,1,1,1,1,1,1,1,1
GO948_RS14760,1,1,1,1,1,1,1,1
TOC7_RS03820,1,1,1,1,1,1,1,1
GO985_RS08215,1,1,1,1,1,1,1,1
THIX_RS10050,1,1,1,1,1,1,1,1
THI_RS06395,1,1,1,1,1,1,1,1
TINT_RS05540,1,1,1,1,1,1,1,1
BVH73_RS00965,1,1,1,1,1,1,1,1
GO970_RS02545,1,1,1,1,1,1,1,1
GO948_RS16040,1,1,1,1,1,1,1,1
TOC7_RS02540,1,1,1,1,1,1,1,1
GO985_RS09500,1,1,1,1,1,1,1,1
THIX_RS19310,1,1,1,1,1,1,1,1
THI_RS09320,1,1,1,1,1,1,1,1
TINT_RS08265,1,1,1,1,1,1,1,1
BVH73_RS14125,1,1,1,1,1,1,1,1
GO970_RS00270,1,1,1,1,1,1,1,1
GO948_RS18320,1,1,1,1,1,1,1,1
TOC7_RS00255,1,1,1,1,1,1,1,1
GO985_RS11775,1,1,1,1,1,1,1,1
THIX_RS17700,1,1,1,1,1,1,1,1
THI_RS06710,1,1,1,1,1,1,1,1
TINT_RS05765,1,1,1,1,1,1,1,1
BVH73_RS00740,1,1,1,1,1,1,1,1
GO970_RS02310,1,1,1,1,1,1,1,1
GO948_RS16280,1,1,1,1,1,1,1,1
TOC7_RS02300,1,1,1,1,1,1,1,1
GO985_RS09740,1,1,1,1,1,1,1,1
THIX_RS00985,1,1,1,1,1,1,1,1
THI_RS11265,1,1,1,1,1,1,1,1
TINT_RS10615,1,1,1,1,1,1,1,1
BVH73_RS02365,1,1,1,1,1,1,1,1
GO970_RS15955,1,1,1,1,1,1,1,1
GO948_RS02720,1,1,1,1,1,1,1,1
TOC7_RS16055,1,1,1,1,1,1,1,1
GO985_RS14740,1,1,1,1,1,1,1,1
THIX_RS17400,1,1,1,1,1,1,1,1
THI_RS14865,1,1,1,1,1,1,1,1
TINT_RS13450,1,1,1,1,1,1,1,1
BVH73_RS10155,1,1,1,1,1,1,1,1
GO970_RS06550,1,1,1,1,1,1,1,1
GO948_RS12050,1,1,1,1,1,1,1,1
TOC7_RS06550,1,1,1,1,1,1,1,1
GO985_RS05520,1,1,1,1,1,1,1,1
THIX_RS20385,1,1,1,1,1,1,1,1
THI_RS03600,1,1,1,1,1,1,1,1
TINT_RS03110,1,1,1,1,1,1,1,1
BVH73_RS04865,1,1,1,1,1,1,1,1
GO970_RS13585,1,1,1,1,1,1,1,1
GO948_RS05060,1,1,1,1,1,1,1,1
TOC7_RS13645,1,1,1,1,1,1,1,1
GO985_RS17100,1,1,1,1,1,1,1,1
THIX_RS08035,1,1,1,1,1,1,1,1
THI_RS03925,1,1,1,1,1,1,1,1
TINT_RS03395,1,1,1,1,1,1,1,1
BVH73_RS04620,1,1,1,1,1,1,1,1
GO970_RS13880,1,1,1,1,1,1,1,1
GO948_RS04765,1,1,1,1,1,1,1,1
TOC7_RS13940,1,1,1,1,1,1,1,1
GO985_RS16805,1,1,1,1,1,1,1,1
THIX_RS19085,1,1,1,1,1,1,1,1
THI_RS08640,1,1,1,1,1,1,1,1
TINT_RS07460,1,1,1,1,1,1,1,1
BVH73_RS00035,1,1,1,1,1,1,1,1
GO970_RS00485,1,1,1,1,1,1,1,1
GO948_RS18105,1,1,1,1,1,1,1,1
TOC7_RS00475,1,1,1,1,1,1,1,1
GO985_RS11560,1,1,1,1,1,1,1,1
THIX_RS07385,1,1,1,1,1,1,1,1
THI_RS15430,1,1,1,1,1,1,1,1
TINT_RS13990,1,1,1,1,1,1,1,1
BVH73_RS06520,1,1,1,1,1,1,1,1
GO970_RS07095,1,1,1,1,1,1,1,1
GO948_RS11505,1,1,1,1,1,1,1,1
TOC7_RS07095,1,1,1,1,1,1,1,1
GO985_RS04975,1,1,1,1,1,1,1,1
THIX_RS03225,1,1,1,1,1,1,1,1
THI_RS08040,1,1,1,1,1,1,1,1
TINT_RS06995,1,1,1,1,1,1,1,1
BVH73_RS14915,1,1,1,1,1,1,1,1
GO970_RS01075,1,1,1,1,1,1,1,1
GO948_RS17515,1,1,1,1,1,1,1,1
TOC7_RS01065,1,1,1,1,1,1,1,1
GO985_RS10975,1,1,1,1,1,1,1,1
THIX_RS16790,1,1,1,1,1,1,1,1
THI_RS16005,1,1,1,1,1,1,1,1
TINT_RS14550,1,1,1,1,1,1,1,1
BVH73_RS07120,1,1,1,1,1,1,1,1
GO970_RS07660,1,1,1,1,1,1,1,1
GO948_RS10940,1,1,1,1,1,1,1,1
TOC7_RS07680,1,1,1,1,1,1,1,1
GO985_RS04405,1,1,1,1,1,1,1,1
THIX_RS21460,1,1,1,1,1,1,1,1
THI_RS01875,1,1,1,1,1,1,1,1
TINT_RS01835,1,1,1,1,1,1,1,1
BVH73_RS05715,1,1,1,1,1,1,1,1
GO970_RS11425,1,1,1,1,1,1,1,1
GO948_RS07205,1,1,1,1,1,1,1,1
TOC7_RS11480,1,1,1,1,1,1,1,1
GO985_RS00635,1,1,1,1,1,1,1,1
THIX_RS04880,1,1,1,1,1,1,1,1
THI_RS02930,1,1,1,1,1,1,1,1
TINT_RS02610,1,1,1,1,1,1,1,1
BVH73_RS05565,1,1,1,1,1,1,1,1
GO970_RS12890,1,1,1,1,1,1,1,1
GO948_RS05755,1,1,1,1,1,1,1,1
TOC7_RS12950,1,1,1,1,1,1,1,1
GO985_RS17795,1,1,1,1,1,1,1,1
THIX_RS05030,1,1,1,1,1,1,1,1
THI_RS03400,1,1,1,1,1,1,1,1
TINT_RS02910,1,1,1,1,1,1,1,1
BVH73_RS05105,1,1,1,1,1,1,1,1
GO970_RS13350,1,1,1,1,1,1,1,1
GO948_RS05295,1,1,1,1,1,1,1,1
TOC7_RS13410,1,1,1,1,1,1,1,1
GO985_RS17335,1,1,1,1,1,1,1,1
THIX_RS20455,1,1,1,1,1,1,1,1
THI_RS08005,1,1,1,1,1,1,1,1
TINT_RS06960,1,1,1,1,1,1,1,1
BVH73_RS14870,1,1,1,1,1,1,1,1
GO970_RS01105,1,1,1,1,1,1,1,1
GO948_RS17485,1,1,1,1,1,1,1,1
TOC7_RS01095,1,1,1,1,1,1,1,1
GO985_RS10945,1,1,1,1,1,1,1,1
THIX_RS13190,1,1,1,1,1,1,1,1
THI_RS08465,1,1,1,1,1,1,1,1
TINT_RS07285,1,1,1,1,1,1,1,1
BVH73_RS15245,1,1,1,1,1,1,1,1
GO970_RS00660,1,1,1,1,1,1,1,1
GO948_RS17930,1,1,1,1,1,1,1,1
TOC7_RS00650,1,1,1,1,1,1,1,1
GO985_RS11385,1,1,1,1,1,1,1,1
THIX_RS13870,1,1,1,1,1,1,1,1
THI_RS03045,1,1,1,1,1,1,1,1
TINT_RS02725,1,1,1,1,1,1,1,1
BVH73_RS05455,1,1,1,1,1,1,1,1
GO970_RS13005,1,1,1,1,1,1,1,1
GO948_RS05640,1,1,1,1,1,1,1,1
TOC7_RS13065,1,1,1,1,1,1,1,1
GO985_RS17680,1,1,1,1,1,1,1,1
THIX_RS22155,1,1,1,1,1,1,1,1
THI_RS03780,1,1,1,1,1,1,1,1
TINT_RS03250,1,1,1,1,1,1,1,1
BVH73_RS04745,1,1,1,1,1,1,1,1
GO970_RS13715,1,1,1,1,1,1,1,1
GO948_RS04930,1,1,1,1,1,1,1,1
TOC7_RS13775,1,1,1,1,1,1,1,1
GO985_RS16970,1,1,1,1,1,1,1,1
THIX_RS02325,1,1,1,1,1,1,1,1
THI_RS07280,1,1,1,1,1,1,1,1
TINT_RS06380,1,1,1,1,1,1,1,1
BVH73_RS07670,1,1,1,1,1,1,1,1
GO970_RS01690,1,1,1,1,1,1,1,1
GO948_RS16900,1,1,1,1,1,1,1,1
TOC7_RS01680,1,1,1,1,1,1,1,1
GO985_RS10360,1,1,1,1,1,1,1,1
THIX_RS03475,1,1,1,1,1,1,1,1
THI_RS15040,1,1,1,1,1,1,1,1
TINT_RS13600,1,1,1,1,1,1,1,1
BVH73_RS09935,1,1,1,1,1,1,1,1
GO970_RS06700,1,1,1,1,1,1,1,1
GO948_RS11900,1,1,1,1,1,1,1,1
TOC7_RS06700,1,1,1,1,1,1,1,1
GO985_RS05370,1,1,1,1,1,1,1,1
THIX_RS04175,1,1,1,1,1,1,1,1
THI_RS15930,1,1,1,1,1,1,1,1
TINT_RS14475,1,1,1,1,1,1,1,1
BVH73_RS07045,1,1,1,1,1,1,1,1
GO970_RS07585,1,1,1,1,1,1,1,1
GO948_RS11015,1,1,1,1,1,1,1,1
TOC7_RS07605,1,1,1,1,1,1,1,1
GO985_RS04480,1,1,1,1,1,1,1,1
THIX_RS20790,1,1,1,1,1,1,1,1
THI_RS17625,1,1,1,1,1,1,1,1
TINT_RS16020,1,1,1,1,1,1,1,1
BVH73_RS08250,1,1,1,1,1,1,1,1
GO970_RS09310,1,1,1,1,1,1,1,1
GO948_RS09305,1,1,1,1,1,1,1,1
TOC7_RS09325,1,1,1,1,1,1,1,1
GO985_RS02750,1,1,1,1,1,1,1,1
THIX_RS02010,1,1,1,1,1,1,1,1
THI_RS03855,1,1,1,1,1,1,1,1
TINT_RS03325,1,1,1,1,1,1,1,1
BVH73_RS04670,1,1,1,1,1,1,1,1
GO970_RS13795,1,1,1,1,1,1,1,1
GO948_RS04850,1,1,1,1,1,1,1,1
TOC7_RS13855,1,1,1,1,1,1,1,1
GO985_RS16890,1,1,1,1,1,1,1,1
THIX_RS02400,1,1,1,1,1,1,1,1
THI_RS05120,1,1,1,1,1,1,1,1
TINT_RS04390,1,1,1,1,1,1,1,1
BVH73_RS12350,1,1,1,1,1,1,1,1
GO970_RS04525,1,1,1,1,1,1,1,1
GO948_RS14080,1,1,1,1,1,1,1,1
TOC7_RS04500,1,1,1,1,1,1,1,1
GO985_RS07535,1,1,1,1,1,1,1,1
THIX_RS08250,1,1,1,1,1,1,1,1
THI_RS08105,1,1,1,1,1,1,1,1
TINT_RS08165,1,1,1,1,1,1,1,1
BVH73_RS14975,1,1,1,1,1,1,1,1
GO970_RS01015,1,1,1,1,1,1,1,1
GO948_RS17575,1,1,1,1,1,1,1,1
TOC7_RS01005,1,1,1,1,1,1,1,1
GO985_RS11035,1,1,1,1,1,1,1,1
THIX_RS05290,1,1,1,1,1,1,1,1
THI_RS10510,1,1,1,1,1,1,1,1
TINT_RS09305,1,1,1,1,1,1,1,1
BVH73_RS01400,1,1,1,1,1,1,1,1
GO970_RS03050,1,1,1,1,1,1,1,1
GO948_RS15535,1,1,1,1,1,1,1,1
TOC7_RS03045,1,1,1,1,1,1,1,1
GO985_RS08995,1,1,1,1,1,1,1,1
THIX_RS13525,1,1,1,1,1,1,1,1
THI_RS04700,1,1,1,1,1,1,1,1
TINT_RS03985,1,1,1,1,1,1,1,1
BVH73_RS04015,1,1,0,0,0,0,0,1
GO970_RS04940,1,1,0,0,0,0,0,1
GO948_RS13665,1,1,0,0,0,0,0,1
TOC7_RS04915,1,1,0,0,0,0,0,1
GO985_RS07120,1,1,0,0,0,0,0,1
THIX_RS20295,1,1,0,0,0,0,0,1
THI_RS08460,1,1,0,0,0,0,0,1
TINT_RS07280,1,1,0,0,0,0,0,1
BVH73_RS15240,1,1,0,0,0,0,0,1
GO970_RS00665,1,1,0,0,0,0,0,1
GO948_RS17925,1,1,0,0,0,0,0,1
TOC7_RS00655,1,1,0,0,0,0,0,1
GO985_RS11380,1,1,0,0,0,0,0,1
THIX_RS13875,1,1,0,0,0,0,0,1
THI_RS12790,1,1,0,0,0,0,0,1
TINT_RS11970,1,1,0,0,0,0,0,1
BVH73_RS11350,1,1,0,0,0,0,0,1
GO970_RS14630,1,1,0,0,0,0,0,1
GO948_RS04045,1,1,0,0,0,0,0,1
TOC7_RS14730,1,1,0,0,0,0,0,1
GO985_RS16065,1,1,0,0,0,0,0,1
THIX_RS07070,1,1,0,0,0,0,0,1
THI_RS04640,1,1,0,0,0,0,0,1
TINT_RS03940,1,1,0,0,0,0,0,1
BVH73_RS04070,1,1,0,0,0,0,0,1
GO970_RS04985,1,1,0,0,0,0,0,1
GO948_RS13620,1,1,0,0,0,0,0,1
TOC7_RS04960,1,1,0,0,0,0,0,1
GO985_RS07075,1,1,0,0,0,0,0,1
THIX_RS07815,1,1,0,0,0,0,0,1
THI_RS11065,1,1,0,0,0,0,0,1
TINT_RS10415,1,1,0,0,0,0,0,1
BVH73_RS02165,0,1,0,1,0,1,0,0
GO970_RS16165,1,0,0,0,1,1,1,1
GO948_RS02510,0,0,0,1,1,1,1,1
TOC7_RS16265,0,0,0,1,1,1,1,1
GO985_RS14530,0,0,0,1,1,1,1,1
THIX_RS18680,0,0,0,1,1,1,1,1
THI_RS00490,0,0,0,1,1,1,1,1
TINT_RS00460,0,0,0,1,1,1,1,1
BVH73_RS09000,0,0,0,1,1,1,1,1
GO970_RS09905,0,0,0,1,1,1,1,1
GO948_RS08735,0,0,0,1,1,1,1,1
TOC7_RS09915,0,0,0,1,1,1,1,1
GO985_RS02160,0,0,0,1,1,1,1,1
THIX_RS01480,0,0,0,1,1,1,1,1
THI_RS02645,0,0,0,1,1,1,1,1
TINT_RS02440,0,0,0,1,1,1,1,1
BVH73_RS02785,0,0,0,1,1,1,1,1
GO970_RS12770,0,0,0,1,1,1,1,1
GO948_RS05875,0,0,0,1,1,1,1,1
TOC7_RS12830,0,0,0,1,1,1,1,1
GO985_RS17915,0,0,0,1,1,1,1,1
THIX_RS19385,0,0,0,1,1,1,1,1
THI_RS01200,0,0,0,1,1,1,1,1
TINT_RS01100,0,0,0,1,1,1,1,1
BVH73_RS09640,0,0,0,1,1,1,1,1
GO970_RS10540,0,0,0,1,1,1,1,1
GO948_RS08095,0,0,0,1,1,1,1,1
TOC7_RS10570,0,0,0,1,1,1,1,1
GO985_RS01520,0,0,0,1,1,1,1,1
THIX_RS03560,0,0,0,1,1,1,1,1
THI_RS06095,0,0,0,1,1,1,1,1
TINT_RS05275,0,0,0,1,1,1,1,1
BVH73_RS12975,0,0,0,1,1,1,1,1
GO970_RS03630,0,0,0,1,1,1,1,1
GO948_RS14975,0,0,0,1,1,1,1,1
TOC7_RS03605,0,0,0,1,1,1,1,1
GO985_RS08430,0,0,0,1,1,1,1,1
THIX_RS09480,0,0,0,1,1,1,1,1
THI_RS07605,0,0,0,1,1,1,1,1
TINT_RS06705,0,0,0,1,1,1,1,1
BVH73_RS14665,0,0,0,1,1,1,1,1
GO970_RS01355,0,0,0,1,1,1,1,1
GO948_RS17235,0,0,0,1,1,1,1,1
TOC7_RS01345,0,0,0,1,1,1,1,1
GO985_RS10695,0,0,0,1,1,1,1,1
THIX_RS18700,0,0,0,1,1,1,1,1
THI_RS08335,0,0,0,1,1,1,1,1
TINT_RS07155,0,0,0,1,1,1,1,1
BVH73_RS15165,0,0,0,1,1,1,1,1
GO970_RS00800,0,0,0,1,1,1,1,1
GO948_RS17790,0,0,0,1,1,1,1,1
TOC7_RS00790,0,0,0,1,1,1,1,1
GO985_RS11250,0,0,0,1,1,1,1,1
THIX_RS03230,0,0,0,1,1,1,1,1
THI_RS12210,0,0,0,1,1,1,1,1
TINT_RS11455,0,0,0,1,1,1,1,1
BVH73_RS11870,0,0,0,1,1,1,1,1
GO970_RS15150,0,0,0,1,1,1,1,1
GO948_RS03525,0,0,0,1,1,1,1,1
TOC7_RS15250,0,0,0,1,1,1,1,1
GO985_RS15545,0,0,0,1,1,1,1,1
THIX_RS19220,0,0,0,1,1,1,1,1
THI_RS18525,0,0,0,1,1,1,1,1
TINT_RS16770,0,0,0,1,1,1,1,1
BVH73_RS11030,0,0,0,1,1,1,1,1
GO970_RS14355,0,0,0,1,1,1,1,1
GO948_RS04320,0,0,0,1,1,1,1,1
TOC7_RS14455,0,0,0,1,1,1,1,1
GO985_RS16340,0,0,0,1,1,1,1,1
THIX_RS07665,0,0,0,1,1,1,1,1
THI_RS13695,0,0,0,1,1,1,1,1
TINT_RS12865,0,0,0,1,1,1,1,1
BVH73_RS10625,0,0,0,1,1,1,1,1
GO970_RS05980,0,0,0,1,1,1,1,1
GO948_RS12620,0,0,0,1,1,1,1,1
TOC7_RS05980,0,0,0,1,1,1,1,1
GO985_RS06090,0,0,0,1,1,1,1,1
THIX_RS13790,0,0,0,1,1,1,1,1
THI_RS10345,0,0,0,1,1,1,1,1
TINT_RS09155,0,0,0,1,1,1,1,1
BVH73_RS01195,0,0,0,1,1,1,1,1
GO970_RS02880,0,0,0,1,1,1,1,1
GO948_RS15705,0,0,0,1,1,1,1,1
TOC7_RS02875,0,0,0,1,1,1,1,1
GO985_RS09165,0,0,0,1,1,1,1,1
THIX_RS15380,0,0,0,1,1,1,1,1
THI_RS01815,0,0,0,1,1,1,1,1
TINT_RS01775,0,0,0,1,1,1,1,1
BVH73_RS05780,0,0,0,1,1,1,1,1
GO970_RS11355,0,0,0,1,1,1,1,1
GO948_RS07275,0,0,0,1,1,1,1,1
TOC7_RS11410,0,0,0,1,1,1,1,1
GO985_RS00705,0,0,0,1,1,1,1,1
THIX_RS04755,0,0,0,1,1,1,1,1
THI_RS01840,0,0,0,1,1,1,1,1
TINT_RS01800,0,0,0,1,1,1,1,1
BVH73_RS05755,0,0,0,1,1,1,1,1
GO970_RS11380,0,0,0,1,1,1,1,1
GO948_RS07250,0,0,0,1,1,1,1,1
TOC7_RS11435,0,0,0,1,1,1,1,1
GO985_RS00680,0,0,0,1,1,1,1,1
THIX_RS04780,0,0,0,1,1,1,1,1
THI_RS05570,0,0,0,1,1,1,1,1
TINT_RS04825,0,0,0,1,1,1,1,1
BVH73_RS12800,0,0,0,1,1,1,1,1
GO970_RS04075,0,0,0,1,1,1,1,1
GO948_RS14530,0,0,0,1,1,1,1,1
TOC7_RS04050,0,0,0,1,1,1,1,1
GO985_RS07985,0,0,0,1,1,1,1,1
THIX_RS05410,0,0,0,1,1,1,1,1
THI_RS05670,0,0,0,1,1,1,1,1
TINT_RS04930,0,0,0,1,1,1,1,1
BVH73_RS12845,0,0,0,1,1,1,1,1
GO970_RS03965,0,0,0,1,1,1,1,1
GO948_RS14640,0,0,0,1,1,1,1,1
TOC7_RS03940,0,0,0,1,1,1,1,1
GO985_RS08095,0,0,0,1,1,1,1,1
THIX_RS05440,0,0,0,1,1,1,1,1
THI_RS07380,0,0,0,1,1,1,1,1
TINT_RS06475,0,0,0,1,1,1,1,1
BVH73_RS14440,0,0,0,1,1,1,1,1
GO970_RS01595,0,0,0,1,1,1,1,1
GO948_RS16995,0,0,0,1,1,1,1,1
TOC7_RS01585,0,0,0,1,1,1,1,1
GO985_RS10455,0,0,0,1,1,1,1,1
THIX_RS11700,0,0,0,1,1,1,1,1
THI_RS05090,0,0,0,1,1,1,1,1
TINT_RS04360,0,0,0,1,1,1,1,1
BVH73_RS03685,0,0,0,1,1,1,1,1
GO970_RS04555,0,0,0,1,1,1,1,1
GO948_RS14050,0,0,0,1,1,1,1,1
TOC7_RS04530,0,0,0,1,1,1,1,1
GO985_RS07505,0,0,0,1,1,1,1,1
THIX_RS19960,0,0,0,1,1,1,1,1
THI_RS11490,0,0,0,1,0,1,1,0
TINT_RS10840,0,0,0,1,0,1,1,0
BVH73_RS03400,0,0,0,1,0,1,1,0
GO970_RS15700,1,0,0,0,1,0,0,0
GO948_RS02975,0,1,1,1,1,1,1,1
TOC7_RS15800,0,1,1,1,1,1,1,1
GO985_RS14995,0,1,1,1,1,1,1,1
THIX_RS04290,0,1,1,1,1,1,1,1
THI_RS12515,0,1,1,1,1,1,1,1
TINT_RS11760,0,1,1,1,1,1,1,1
BVH73_RS11560,0,1,1,1,1,1,1,1
GO970_RS14840,0,1,1,1,1,1,1,1
GO948_RS03835,0,1,1,1,1,1,1,1
TOC7_RS14940,0,1,1,1,1,1,1,1
GO985_RS15855,0,1,1,1,1,1,1,1
THIX_RS06140,0,1,1,1,1,1,1,1
THI_RS13850,0,1,1,1,1,1,1,1
TINT_RS13020,0,1,1,1,1,1,1,1
BVH73_RS10460,0,1,1,1,1,1,1,1
GO970_RS06140,0,1,1,1,1,1,1,1
GO948_RS12460,0,1,1,1,1,1,1,1
TOC7_RS06140,0,1,1,1,1,1,1,1
GO985_RS05930,0,1,1,1,1,1,1,1
THIX_RS04575,0,1,1,1,1,1,1,1
THI_RS13950,0,1,1,1,1,1,1,1
TINT_RS13120,0,1,1,1,1,1,1,1
BVH73_RS10340,0,1,1,1,1,1,1,1
GO970_RS06245,0,1,1,1,1,1,1,1
GO948_RS12355,0,1,1,1,1,1,1,1
TOC7_RS06245,0,1,1,1,1,1,1,1
GO985_RS05825,0,1,1,1,1,1,1,1
THIX_RS20580,0,1,1,1,1,1,1,1
THI_RS15850,0,1,1,1,1,1,1,1
TINT_RS14395,0,1,1,1,1,1,1,1
BVH73_RS06965,0,1,1,1,1,1,1,1
GO970_RS07505,0,1,1,1,1,1,1,1
GO948_RS11095,0,1,1,1,1,1,1,1
TOC7_RS07520,0,1,1,1,1,1,1,1
GO985_RS04560,0,1,1,1,1,1,1,1
THIX_RS20645,0,1,1,1,1,1,1,1
THI_RS00135,0,1,1,1,1,1,1,1
TINT_RS00145,0,1,1,1,1,1,1,1
BVH73_RS08645,0,1,1,1,1,1,1,1
GO970_RS09600,0,1,1,1,1,1,1,1
GO948_RS09040,0,1,1,1,1,1,1,1
TOC7_RS09610,0,1,1,1,1,1,1,1
GO985_RS02465,0,1,1,1,1,1,1,1
THIX_RS20830,0,1,1,1,1,1,1,1
THI_RS05215,0,1,1,1,1,1,1,1
TINT_RS04485,0,1,1,1,1,1,1,1
BVH73_RS12440,0,1,1,1,1,1,1,1
GO970_RS04420,0,1,1,1,1,1,1,1
GO948_RS14185,0,1,1,1,1,1,1,1
TOC7_RS04395,0,1,1,1,1,1,1,1
GO985_RS07640,0,1,1,1,1,1,1,1
THIX_RS05360,0,1,0,1,1,1,1,1
THI_RS08290,0,1,0,1,1,1,1,1
TINT_RS07110,0,1,0,1,1,1,1,1
BVH73_RS15120,0,1,0,1,1,1,1,1
GO970_RS00845,0,1,0,1,1,1,1,1
GO948_RS17745,0,1,0,1,1,1,1,1
TOC7_RS00835,0,1,0,1,1,1,1,1
GO985_RS11205,0,1,0,1,1,1,1,1
THIX_RS09540,0,1,0,1,1,1,1,1
THI_RS08310,0,1,0,1,1,1,1,1
TINT_RS07130,0,1,0,1,1,1,1,1
BVH73_RS15140,0,1,0,1,1,1,1,1
GO970_RS00825,0,1,0,1,1,1,1,1
GO948_RS17765,0,1,0,1,1,1,1,1
TOC7_RS00815,0,1,0,1,1,1,1,1
GO985_RS11225,0,1,0,1,1,1,1,1
THIX_RS17545,0,1,0,1,1,1,1,1
THI_RS09515,0,1,0,1,1,1,1,1
TINT_RS08340,0,1,0,1,1,1,1,1
BVH73_RS14000,0,1,0,1,1,1,1,1
GO970_RS18510,0,1,0,1,1,1,1,1
GO948_RS00160,0,1,0,1,1,1,1,1
TOC7_RS18625,0,1,0,1,1,1,1,1
GO985_RS12185,0,1,0,1,1,1,1,1
THIX_RS09585,0,1,0,1,1,1,1,1
THI_RS08165,0,1,0,1,1,1,1,1
TINT_RS08105,0,1,0,1,1,1,1,1
BVH73_RS15040,0,1,0,1,1,1,1,1
GO970_RS00955,0,1,0,1,1,1,1,1
GO948_RS17635,0,1,0,1,1,1,1,1
TOC7_RS00945,0,1,0,1,1,1,1,1
GO985_RS11095,0,1,0,1,1,1,1,1
THIX_RS09855,0,1,0,1,1,1,1,1
THI_RS08340,0,1,0,1,1,1,1,1
TINT_RS07160,0,1,0,1,1,1,1,1
BVH73_RS15170,0,1,0,1,1,1,1,1
GO970_RS00795,0,1,0,1,1,1,1,1
GO948_RS17795,0,1,0,1,1,1,1,1
TOC7_RS00785,0,1,0,1,1,1,1,1
GO985_RS11255,0,1,0,1,1,1,1,1
THIX_RS16775,0,1,0,1,1,1,1,1
THI_RS09555,0,1,0,1,1,1,1,1
TINT_RS08380,0,1,0,1,1,1,1,1
BVH73_RS13965,0,1,0,1,1,1,1,1
GO970_RS18470,0,1,0,1,1,1,1,1
GO948_RS00200,0,1,0,1,1,1,1,1
TOC7_RS18585,0,1,0,1,1,1,1,1
GO985_RS12225,0,1,0,1,1,1,1,1
THIX_RS13810,0,1,0,1,1,1,1,1
THI_RS10710,0,1,0,1,1,1,1,1
TINT_RS09905,0,1,0,1,1,1,1,1
BVH73_RS01820,0,1,0,1,1,1,1,1
GO970_RS18685,0,1,0,1,1,1,1,1
GO948_RS01955,0,1,0,1,1,1,1,1
TOC7_RS16835,0,1,0,1,1,1,1,1
GO985_RS13980,0,1,0,1,1,1,1,1
THIX_RS22635,0,1,0,1,1,1,1,1
THI_RS09945,0,1,0,1,1,1,1,1
TINT_RS08765,0,1,0,1,1,1,1,1
BVH73_RS13540,0,1,0,1,1,1,1,1
GO970_RS18075,0,1,0,1,1,1,1,1
GO948_RS00595,0,0,0,0,1,0,1,0
TOC7_RS18190,0,0,0,0,1,1,0,0
GO985_RS12620,1,1,1,1,1,1,1,0
THIX_RS13590,1,1,1,1,1,1,1,0
THI_RS13005,1,1,1,1,1,1,1,0
TINT_RS12185,1,1,1,1,1,1,1,0
BVH73_RS11155,1,1,1,1,1,1,1,0
GO970_RS14425,1,1,1,1,1,1,1,0
GO948_RS04250,1,1,1,1,1,1,1,0
TOC7_RS14525,1,1,1,1,1,1,1,0
GO985_RS16270,1,1,1,1,1,1,1,0
THIX_RS07710,1,1,1,1,1,1,1,0
THI_RS15730,1,1,1,1,1,1,1,0
TINT_RS14275,1,1,1,1,1,1,1,0
BVH73_RS06815,1,1,1,1,1,1,1,0
GO970_RS07385,1,1,1,1,1,1,1,0
GO948_RS11215,1,1,1,1,1,1,1,0
TOC7_RS07400,1,1,1,1,1,1,1,0
GO985_RS04680,1,1,1,1,1,1,1,0
THIX_RS05465,1,1,1,1,1,1,1,0
THI_RS16245,1,1,1,1,1,1,1,0
TINT_RS14885,1,1,1,1,1,1,1,0
BVH73_RS07230,1,1,1,1,1,1,1,0
GO970_RS07840,1,1,1,1,1,1,1,0
GO948_RS10760,1,1,1,1,1,1,1,0
TOC7_RS07860,1,1,1,1,1,1,1,0
GO985_RS04225,1,1,1,1,1,1,1,0
THIX_RS07720,1,1,1,1,1,1,1,0
THI_RS01300,1,1,1,1,1,1,1,0
TINT_RS01210,1,1,1,1,1,1,1,0
BVH73_RS09745,1,1,1,1,1,1,1,0
GO970_RS10660,1,1,1,1,1,1,1,0
GO948_RS07975,1,1,1,1,1,1,1,0
TOC7_RS10690,1,1,1,1,1,1,1,0
GO985_RS01400,1,1,1,1,1,1,1,0
THIX_RS04315,1,1,1,1,1,1,1,0
THI_RS12290,1,1,1,1,1,1,1,0
TINT_RS11535,1,1,1,1,1,1,1,0
BVH73_RS11785,1,1,1,1,1,1,1,0
GO970_RS15065,1,1,1,1,1,1,1,0
GO948_RS03610,1,1,1,1,1,1,1,0
TOC7_RS15165,1,1,1,1,1,1,1,0
GO985_RS15630,1,1,1,1,1,1,1,0
THIX_RS06365,1,1,1,1,1,1,1,0
THI_RS14675,1,1,1,1,1,1,1,0
TINT_RS13290,1,1,1,1,1,1,1,0
BVH73_RS02600,1,1,1,1,1,1,1,0
GO970_RS06410,1,1,1,1,1,1,1,0
GO948_RS12190,1,1,1,1,1,1,1,0
TOC7_RS06410,1,1,1,1,1,1,1,0
GO985_RS05660,1,1,1,1,1,1,1,0
THIX_RS08990,1,1,1,1,1,1,1,0
THI_RS00115,1,1,1,1,1,1,1,0
TINT_RS00125,1,1,1,1,1,1,1,0
BVH73_RS08625,1,1,1,1,1,1,1,0
GO970_RS09580,1,1,1,1,1,1,1,0
GO948_RS09060,1,1,1,1,1,1,1,0
TOC7_RS09590,1,1,1,1,1,1,1,0
GO985_RS02485,1,1,1,1,1,1,1,0
THIX_RS20815,1,1,1,1,1,1,1,0
THI_RS03865,1,1,1,1,1,1,1,0
TINT_RS03335,1,1,1,1,1,1,1,0
BVH73_RS04660,1,1,1,1,1,1,1,0
GO970_RS13820,1,1,1,1,1,1,1,0
GO948_RS04825,1,1,1,1,1,1,1,0
TOC7_RS13880,1,1,1,1,1,1,1,0
GO985_RS16865,1,1,1,1,1,1,1,0
THIX_RS02410,1,1,1,1,1,1,1,0
THI_RS05825,1,1,1,1,1,1,1,0
TINT_RS05100,1,1,1,1,1,1,1,0
BVH73_RS13200,1,1,1,1,1,1,1,0
GO970_RS03805,1,1,1,1,1,1,1,0
GO948_RS14800,1,1,1,1,1,1,1,0
TOC7_RS03780,1,1,1,1,1,1,1,0
GO985_RS08255,1,1,1,1,1,1,1,0
THIX_RS06840,1,1,1,1,1,1,1,0
THI_RS08085,1,1,1,1,1,1,1,0
TINT_RS08185,1,1,1,1,1,1,1,0
BVH73_RS14955,1,1,1,1,1,1,1,0
GO970_RS01035,1,1,1,1,1,1,1,0
GO948_RS17555,1,1,1,1,1,1,1,0
TOC7_RS01025,1,1,1,1,1,1,1,0
GO985_RS11015,1,1,1,1,1,1,1,0
THIX_RS05275,1,1,1,1,1,1,1,0
THI_RS12250,1,1,1,1,1,1,1,0
TINT_RS11495,1,1,1,1,1,1,1,0
BVH73_RS11830,1,1,1,1,1,1,1,0
GO970_RS15105,1,1,1,1,1,1,1,0
GO948_RS03570,1,1,1,1,1,1,1,0
TOC7_RS15205,1,1,1,1,1,1,1,0
GO985_RS15590,1,1,1,1,1,1,1,0
THIX_RS06405,1,1,1,1,1,1,1,0
THI_RS00165,1,1,1,1,1,1,1,0
TINT_RS00175,1,1,1,1,1,1,1,0
BVH73_RS08675,1,1,1,1,1,1,1,0
GO970_RS09630,1,1,1,1,1,1,1,0
GO948_RS09010,1,1,1,1,1,1,1,0
TOC7_RS09640,1,1,1,1,1,1,1,0
GO985_RS02435,1,1,1,1,1,1,1,0
THIX_RS02635,1,1,1,1,1,1,1,0
THI_RS05170,1,1,1,1,1,1,1,0
TINT_RS04440,1,1,1,1,1,1,1,0
BVH73_RS12395,1,1,1,1,1,1,1,0
GO970_RS04475,1,1,1,1,1,1,1,0
GO948_RS14130,1,1,1,1,1,1,1,0
TOC7_RS04450,1,1,1,1,1,1,1,0
GO985_RS07585,1,1,1,1,1,1,1,0
THIX_RS05775,1,1,1,1,1,1,1,0
THI_RS05175,1,1,1,1,1,1,1,0
TINT_RS04445,1,1,1,1,1,1,1,0
BVH73_RS12400,1,1,1,1,1,1,1,0
GO970_RS04470,1,1,1,1,1,1,1,0
GO948_RS14135,1,1,1,1,1,1,1,0
TOC7_RS04445,1,1,1,1,1,1,1,0
GO985_RS07590,1,1,1,1,1,1,1,0
THIX_RS17610,1,1,1,1,1,1,1,0
THI_RS06890,1,1,1,1,1,1,1,0
TINT_RS05935,1,1,1,1,1,1,1,0
BVH73_RS00560,1,1,1,1,1,1,1,0
GO970_RS02135,1,1,1,1,1,1,1,0
GO948_RS16455,1,1,1,1,1,1,1,0
TOC7_RS02125,1,1,1,1,1,1,1,0
GO985_RS09915,1,1,1,1,1,1,1,0
THIX_RS00740,1,1,1,1,1,1,1,0
THI_RS11095,1,1,1,1,1,1,1,0
TINT_RS10445,1,1,1,1,1,1,1,0
BVH73_RS02195,1,1,1,1,1,1,1,0
GO970_RS16135,1,1,1,1,1,1,1,0
GO948_RS02540,1,1,1,1,1,1,1,0
TOC7_RS16235,1,1,1,1,1,1,1,0
GO985_RS14560,1,1,1,1,1,1,1,0
THIX_RS23295,1,1,1,1,1,1,1,0
THI_RS14015,1,1,1,1,1,1,1,0
TINT_RS13185,1,1,1,1,1,1,1,0
BVH73_RS10270,1,1,1,1,1,1,1,0
GO970_RS06310,1,1,1,1,1,1,1,0
GO948_RS12290,1,1,1,1,1,1,1,0
TOC7_RS06310,1,1,1,1,1,1,1,0
GO985_RS05760,1,1,1,1,1,1,1,0
THIX_RS02185,1,1,1,1,1,1,1,0
THI_RS14800,1,1,1,1,1,1,1,0
TINT_RS13385,1,1,1,1,1,1,1,0
BVH73_RS10220,1,1,1,1,1,1,1,0
GO970_RS06505,1,1,1,1,1,1,1,0
GO948_RS12095,1,1,1,1,1,1,1,0
TOC7_RS06505,1,1,1,1,1,1,1,0
GO985_RS05565,1,1,1,1,1,1,1,0
THIX_RS03730,1,1,1,1,1,1,1,0
THI_RS02590,1,1,1,1,1,1,1,0
TINT_RS02385,1,1,1,1,1,1,1,0
BVH73_RS02845,1,1,1,1,1,1,1,0
GO970_RS12715,1,1,1,1,1,1,1,0
GO948_RS05930,1,1,1,1,1,1,1,0
TOC7_RS12775,1,1,1,1,1,1,1,0
GO985_RS17970,1,1,1,1,1,1,1,0
THIX_RS07375,1,1,1,1,1,1,1,0
THI_RS07630,1,1,1,1,1,1,1,0
TINT_RS06730,1,1,1,1,1,1,1,0
BVH73_RS14690,1,1,1,1,1,1,1,0
GO970_RS01340,1,1,1,1,1,1,1,0
GO948_RS17250,1,1,1,1,1,1,1,0
TOC7_RS01330,1,1,1,1,1,1,1,0
GO985_RS10710,1,1,1,1,1,1,1,0
THIX_RS06425,1,1,1,1,1,1,1,0
THI_RS11005,1,1,1,1,1,1,1,0
TINT_RS10355,1,1,1,1,1,1,1,0
BVH73_RS02115,1,1,1,1,1,1,1,0
GO970_RS16225,1,1,1,1,1,1,1,0
GO948_RS02450,1,1,1,1,1,1,1,0
TOC7_RS16325,1,1,1,1,1,1,1,0
GO985_RS14470,1,1,1,1,1,1,1,0
THIX_RS17530,1,1,1,1,1,1,1,0
THI_RS11610,1,1,1,1,1,1,1,0
TINT_RS10960,1,1,1,1,1,1,1,0
BVH73_RS03505,1,1,1,1,1,1,1,0
GO970_RS15580,1,1,1,1,1,1,1,0
GO948_RS03095,1,1,1,1,1,1,1,0
TOC7_RS15680,1,1,1,1,1,1,1,0
GO985_RS15115,1,1,1,1,1,1,1,0
THIX_RS19915,1,1,1,1,1,1,1,0
THI_RS12945,1,1,1,1,1,1,1,0
TINT_RS12125,1,1,1,1,1,1,1,0
BVH73_RS11215,1,1,1,1,1,1,1,0
GO970_RS14475,1,1,1,1,1,1,1,0
GO948_RS04200,1,1,1,1,1,1,1,0
TOC7_RS14575,1,1,1,1,1,1,1,0
GO985_RS16220,1,1,1,1,1,1,1,0
THIX_RS07790,1,1,1,1,1,1,1,0
THI_RS00005,1,1,1,1,1,1,1,0
TINT_RS00015,1,1,1,1,1,1,1,0
BVH73_RS08260,1,1,1,1,1,1,1,0
GO970_RS09320,1,1,1,1,1,1,1,0
GO948_RS09295,1,1,1,1,1,1,1,0
TOC7_RS09335,1,1,1,1,1,1,1,0
GO985_RS02740,1,1,1,1,1,1,1,0
THIX_RS02000,1,1,1,1,1,1,1,0
THI_RS12335,1,1,1,1,1,1,1,0
TINT_RS11580,1,1,1,1,1,1,1,0
BVH73_RS11740,1,1,1,1,1,1,1,0
GO970_RS15020,1,1,1,1,1,1,1,0
GO948_RS03655,1,1,1,1,1,1,1,0
TOC7_RS15120,1,1,1,1,1,1,1,0
GO985_RS15675,1,1,1,1,1,1,1,0
THIX_RS06320,1,1,1,1,1,1,1,0
THI_RS12480,1,1,1,1,1,1,1,0
TINT_RS11725,1,1,1,1,1,1,1,0
BVH73_RS11595,1,1,1,1,1,1,1,0
GO970_RS14875,1,1,1,1,1,1,1,0
GO948_RS03800,1,1,1,1,1,1,1,0
TOC7_RS14975,1,1,1,1,1,1,1,0
GO985_RS15820,1,1,1,1,1,1,1,0
THIX_RS06190,1,1,1,1,1,1,1,0
THI_RS15490,1,1,1,1,1,1,1,0
TINT_RS14050,1,1,1,1,1,1,1,0
BVH73_RS06580,1,1,1,1,1,1,1,0
GO970_RS07160,1,1,1,1,1,1,1,0
GO948_RS11440,1,1,1,1,1,1,1,0
TOC7_RS07175,1,1,1,1,1,1,1,0
GO985_RS04905,1,1,1,1,1,1,1,0
THIX_RS02500,1,1,1,1,1,1,1,0
THI_RS01835,1,1,1,1,1,1,1,0
TINT_RS01795,1,1,1,1,1,1,1,0
BVH73_RS05760,1,1,1,1,1,1,1,0
GO970_RS11375,1,1,1,1,1,1,1,0
GO948_RS07255,1,1,1,1,1,1,1,0
TOC7_RS11430,1,1,1,1,1,1,1,0
GO985_RS00685,1,1,1,1,1,1,1,0
THIX_RS04775,1,1,1,1,1,1,1,0
THI_RS02950,1,1,1,1,1,1,1,0
TINT_RS02630,1,1,1,1,1,1,1,0
BVH73_RS05545,1,1,1,1,1,1,1,0
GO970_RS12910,1,1,1,1,1,1,1,0
GO948_RS05735,1,1,1,1,1,1,1,0
TOC7_RS12970,1,1,1,1,1,1,1,0
GO985_RS17775,1,1,1,1,1,1,1,0
THIX_RS05050,1,1,1,1,1,1,1,0
THI_RS03385,1,1,1,1,1,1,1,0
TINT_RS02900,1,1,1,1,1,1,1,0
BVH73_RS05115,1,1,1,1,1,1,1,0
GO970_RS13335,1,1,1,1,1,1,1,0
GO948_RS05310,1,1,1,1,1,1,1,0
TOC7_RS13395,1,1,1,1,1,1,1,0
GO985_RS17350,1,1,1,1,1,1,1,0
THIX_RS20460,1,1,1,1,1,1,1,0
THI_RS17575,1,1,1,1,1,1,1,0
TINT_RS15970,1,1,1,1,1,1,1,0
BVH73_RS08220,1,1,1,1,1,1,1,0
GO970_RS09280,1,1,1,1,1,1,1,0
GO948_RS09335,1,1,1,1,1,1,1,0
TOC7_RS09295,1,1,1,1,1,1,1,0
GO985_RS02780,1,1,1,1,1,1,1,0
THIX_RS02050,1,1,1,1,1,1,1,0
THI_RS04355,1,1,1,1,1,1,1,0
TINT_RS03665,1,1,1,1,1,1,1,0
BVH73_RS04375,1,1,1,1,1,1,1,0
GO970_RS05235,1,1,1,1,1,1,1,0
GO948_RS13370,1,1,1,1,1,1,1,0
TOC7_RS05210,1,1,1,1,1,1,1,0
GO985_RS06825,1,1,1,1,1,1,1,0
THIX_RS08080,1,1,1,1,1,1,1,0
THI_RS07045,1,1,1,1,1,1,1,0
TINT_RS06095,1,1,1,1,1,1,1,0
BVH73_RS00390,1,1,1,1,1,1,1,0
GO970_RS01975,1,1,1,1,1,1,1,0
GO948_RS16615,1,1,1,1,1,1,1,0
TOC7_RS01965,1,1,1,1,1,1,1,0
GO985_RS10075,1,1,1,1,1,1,1,0
THIX_RS00585,1,1,1,1,1,1,1,0
THI_RS10875,1,1,1,1,1,1,1,0
TINT_RS10145,1,1,1,1,1,1,1,0
BVH73_RS02010,1,1,1,1,1,1,1,0
GO970_RS16310,1,1,1,1,1,1,1,0
GO948_RS02355,1,1,1,1,1,1,1,0
TOC7_RS16415,1,1,1,1,1,1,1,0
GO985_RS14380,1,1,1,1,1,1,1,0
THIX_RS22370,1,1,1,1,1,1,1,0
THI_RS12915,1,1,1,1,1,1,1,0
TINT_RS12095,1,1,1,1,1,1,1,0
BVH73_RS11245,1,1,1,1,1,1,1,0
GO970_RS14505,1,1,1,1,1,1,1,0
GO948_RS04170,1,1,1,1,1,1,1,0
TOC7_RS14605,1,1,1,1,1,1,1,0
GO985_RS16190,1,1,1,1,1,1,1,0
THIX_RS06955,1,1,1,1,1,1,1,0
THI_RS07355,1,1,1,1,1,1,1,0
TINT_RS06450,1,1,1,1,1,1,1,0
BVH73_RS14415,1,1,1,1,1,1,1,0
GO970_RS01620,1,1,1,1,1,1,1,0
GO948_RS16970,1,1,1,1,1,1,1,0
TOC7_RS01610,1,1,1,1,1,1,1,0
GO985_RS10430,1,1,1,1,1,1,1,0
THIX_RS11725,1,1,1,1,1,1,1,0
THI_RS08300,1,1,1,1,1,1,1,0
TINT_RS07120,1,1,1,1,1,1,1,0
BVH73_RS15130,1,1,1,1,1,1,1,0
GO970_RS00835,1,1,1,1,1,1,1,0
GO948_RS17755,1,1,1,1,1,1,1,0
TOC7_RS00825,1,1,1,1,1,1,1,0
GO985_RS11215,1,1,1,1,1,1,1,0
THIX_RS17555,1,1,1,1,1,1,1,0
THI_RS08765,1,1,1,1,1,1,1,0
TINT_RS07595,1,1,1,1,1,1,1,0
BVH73_RS00165,1,1,1,1,1,1,1,0
GO970_RS00355,1,1,1,1,1,1,1,0
GO948_RS18235,1,1,1,1,1,1,1,0
TOC7_RS00345,1,1,1,1,1,1,1,0
GO985_RS11690,1,1,1,1,1,1,1,0
THIX_RS13245,1,1,1,1,1,1,1,0
THI_RS10415,1,1,1,1,1,1,1,0
TINT_RS09215,1,1,1,1,1,1,1,0
BVH73_RS01335,1,1,1,1,1,1,1,0
GO970_RS02955,1,1,1,1,1,1,1,0
GO948_RS15630,0,0,0,1,1,1,1,0
TOC7_RS02950,0,0,0,1,1,1,1,0
GO985_RS09090,0,0,0,1,1,1,1,0
THIX_RS15460,0,0,0,1,1,1,1,0
THI_RS09900,0,0,0,1,1,1,1,0
TINT_RS08720,0,0,0,1,1,1,1,0
BVH73_RS13595,0,0,0,1,1,1,1,0
GO970_RS18125,0,0,0,1,1,1,1,0
GO948_RS00545,0,0,0,1,1,1,1,0
TOC7_RS18240,0,0,0,1,1,1,1,0
GO985_RS12570,0,0,0,1,1,1,1,0
THIX_RS17155,0,0,0,1,1,1,1,0
THI_RS06940,0,0,0,1,1,1,1,0
TINT_RS05985,0,0,0,1,1,1,1,0
BVH73_RS00510,0,0,0,1,1,1,1,0
GO970_RS02085,0,0,0,1,1,1,1,0
GO948_RS16505,0,0,0,1,1,1,1,0
TOC7_RS02075,0,0,0,1,1,1,1,0
GO985_RS09965,0,0,0,1,1,1,1,0
THIX_RS00690,0,0,0,1,1,1,1,0
THI_RS17250,0,0,0,1,1,1,1,0
TINT_RS15700,0,0,0,1,1,1,1,0
BVH73_RS07885,0,0,0,1,1,1,1,0
GO970_RS09055,0,0,0,1,1,1,1,0
GO948_RS09560,0,0,0,1,1,1,1,0
TOC7_RS09070,0,0,0,1,1,1,1,0
GO985_RS03005,0,0,0,1,1,1,1,0
THIX_RS03255,0,0,0,1,1,1,1,0
THI_RS06110,0,0,0,1,1,1,1,0
TINT_RS05290,0,0,0,1,1,1,1,0
BVH73_RS12990,0,0,0,1,1,1,1,0
GO970_RS03615,0,0,0,1,1,1,1,0
GO948_RS14990,0,0,0,1,1,1,1,0
TOC7_RS03590,0,0,0,1,1,1,1,0
GO985_RS08445,0,0,0,1,1,1,1,0
THIX_RS09495,0,0,0,1,1,1,1,0
THI_RS07785,0,0,0,1,1,1,1,0
TINT_RS06885,0,0,0,1,1,1,1,0
BVH73_RS00215,0,0,0,1,1,1,1,0
GO970_RS01180,0,0,0,1,1,1,1,0
GO948_RS17410,0,0,0,1,1,1,1,0
TOC7_RS01170,0,0,0,1,1,1,1,0
GO985_RS10870,0,0,0,1,1,1,1,0
THIX_RS10585,0,0,0,1,1,1,1,0
THI_RS17045,0,0,0,1,1,1,1,0
TINT_RS15530,0,0,0,1,1,1,1,0
BVH73_RS07705,0,0,0,1,1,1,1,0
GO970_RS08885,0,0,0,1,1,1,1,0
GO948_RS09730,0,0,0,1,1,1,1,0
TOC7_RS08900,0,0,0,1,1,1,1,0
GO985_RS03175,0,0,0,1,1,1,1,0
THIX_RS21210,0,0,0,1,1,1,1,0
THI_RS05235,0,0,0,1,1,1,1,0
TINT_RS04500,0,0,0,1,1,1,1,0
BVH73_RS12465,0,0,0,1,1,1,1,0
GO970_RS04405,0,0,0,1,1,1,1,0
GO948_RS14200,0,0,0,1,1,1,1,0
TOC7_RS04380,0,0,0,1,1,1,1,0
GO985_RS07655,0,0,0,1,1,1,1,0
THIX_RS15010,0,0,0,1,1,1,1,0
THI_RS11060,0,0,0,1,1,1,1,0
TINT_RS10410,0,0,0,1,1,1,1,0
BVH73_RS02160,0,0,0,1,1,1,1,0
GO970_RS16170,0,0,0,1,1,1,1,0
GO948_RS02505,0,0,0,1,1,1,1,0
TOC7_RS16270,0,0,0,1,1,1,1,0
GO985_RS14525,0,0,0,1,1,1,1,0
THIX_RS18675,0,0,0,1,1,1,1,0
THI_RS14680,0,0,0,1,1,1,1,0
TINT_RS13295,0,0,0,1,1,1,1,0
BVH73_RS02595,0,0,0,1,1,1,1,0
GO970_RS06415,0,0,0,1,1,1,1,0
GO948_RS12185,0,0,0,1,1,1,1,0
TOC7_RS06415,0,0,0,1,1,1,1,0
GO985_RS05655,0,0,0,1,1,1,1,0
THIX_RS08995,0,0,0,1,1,1,1,0
THI_RS16125,0,0,0,1,1,1,1,0
TINT_RS14765,0,0,0,1,1,1,1,0
BVH73_RS07180,0,0,0,1,1,1,1,0
GO970_RS07720,0,0,0,1,1,1,1,0
GO948_RS10880,0,0,0,1,1,1,1,0
TOC7_RS07740,0,0,0,1,1,1,1,0
GO985_RS04345,0,0,0,1,1,1,1,0
THIX_RS00405,0,0,0,1,1,1,1,0
THI_RS00875,0,0,0,1,1,1,1,0
TINT_RS00850,0,0,0,1,1,1,1,0
BVH73_RS09470,0,0,0,1,1,1,1,0
GO970_RS10235,0,0,0,1,1,1,1,0
GO948_RS08405,0,0,0,1,1,1,1,0
TOC7_RS10260,0,0,0,1,1,1,1,0
GO985_RS01830,0,0,0,1,1,1,1,0
THIX_RS02970,0,0,0,1,1,1,1,0
THI_RS01365,0,0,0,1,1,1,1,0
TINT_RS01275,0,0,0,1,1,1,1,0
BVH73_RS06095,0,0,0,1,1,1,1,0
GO970_RS10810,0,0,0,1,1,1,1,0
GO948_RS07825,0,0,0,1,1,1,1,0
TOC7_RS10840,0,0,0,1,1,1,1,0
GO985_RS01250,0,0,0,1,1,1,1,0
THIX_RS01865,0,0,0,1,1,1,1,0
THI_RS05875,0,0,0,1,1,1,1,0
TINT_RS05150,0,0,0,1,1,1,1,0
BVH73_RS13250,0,0,0,1,1,1,1,0
GO970_RS03755,0,0,0,1,1,1,1,0
GO948_RS14850,0,0,0,1,1,1,1,0
TOC7_RS03730,0,0,0,1,1,1,1,0
GO985_RS08305,0,0,0,1,1,1,1,0
THIX_RS06890,0,0,0,1,1,1,1,0
THI_RS11255,0,0,0,1,1,1,1,0
TINT_RS10605,0,0,0,1,1,1,1,0
BVH73_RS02355,0,0,0,1,1,1,1,0
GO970_RS15965,0,0,0,1,1,1,1,0
GO948_RS02710,0,0,0,1,1,1,1,0
TOC7_RS16065,0,0,0,1,1,1,1,0
GO985_RS14730,0,0,0,1,1,1,1,0
THIX_RS17390,0,0,0,1,1,1,1,0
THI_RS12685,0,0,0,1,1,1,1,0
TINT_RS11865,0,0,0,1,1,1,1,0
BVH73_RS11460,0,0,0,1,1,1,1,0
GO970_RS14735,0,0,0,1,1,1,1,0
GO948_RS03940,0,0,0,1,1,1,1,0
TOC7_RS14835,0,0,0,1,1,1,1,0
GO985_RS15960,0,0,0,1,1,1,1,0
THIX_RS07175,0,0,0,1,1,1,1,0
THI_RS15060,0,0,0,1,1,1,1,0
TINT_RS13620,0,0,0,1,1,1,1,0
BVH73_RS09915,0,0,0,1,1,1,1,0
GO970_RS06720,0,0,0,1,1,1,1,0
GO948_RS11880,0,0,0,1,1,1,1,0
TOC7_RS06720,0,0,0,1,1,1,1,0
GO985_RS05350,0,0,0,1,1,1,1,0
THIX_RS04195,0,0,0,1,1,1,1,0
THI_RS01530,0,0,0,1,1,1,1,0
TINT_RS01465,0,0,0,1,1,1,1,0
BVH73_RS05970,0,0,0,1,1,1,1,0
GO970_RS10995,0,0,0,1,1,1,1,0
GO948_RS07640,0,0,0,1,1,1,1,0
TOC7_RS11025,0,0,0,1,1,1,1,0
GO985_RS01065,0,0,0,1,1,1,1,0
THIX_RS04085,0,0,0,1,1,1,1,0
THI_RS03095,0,0,0,1,1,1,1,0
TINT_RS02760,0,0,0,1,1,1,1,0
BVH73_RS05405,0,0,0,1,1,1,1,0
GO970_RS13055,0,0,0,1,1,1,1,0
GO948_RS05590,0,0,0,1,1,1,1,0
TOC7_RS13115,0,0,0,1,1,1,1,0
GO985_RS17630,0,0,0,1,1,1,1,0
THIX_RS14150,0,0,0,1,1,1,1,0
THI_RS10350,0,0,0,1,1,1,1,0
TINT_RS09160,0,0,0,1,1,1,1,0
BVH73_RS01200,0,0,0,1,1,1,1,0
GO970_RS02885,0,0,0,1,1,1,1,0
GO948_RS15700,0,0,0,1,1,1,1,0
TOC7_RS02880,0,0,0,1,1,1,1,0
GO985_RS09160,0,0,0,1,1,1,1,0
THIX_RS16580,0,0,0,1,1,1,1,0
THI_RS02115,0,0,0,1,1,1,1,0
TINT_RS02145,0,0,0,1,1,1,1,0
BVH73_RS03170,0,0,0,1,1,1,1,0
GO970_RS11665,0,0,0,1,1,1,1,0
GO948_RS06965,0,0,0,1,1,1,1,0
TOC7_RS11720,0,0,0,1,1,1,1,0
GO985_RS00395,0,0,0,1,1,1,1,0
THIX_RS19100,0,0,0,1,1,1,1,0
THI_RS06800,0,0,0,1,1,1,1,0
TINT_RS05855,0,0,0,1,1,1,1,0
BVH73_RS00650,0,0,0,1,1,1,1,0
GO970_RS02215,0,0,0,1,1,1,1,0
GO948_RS16375,0,0,0,1,1,1,1,0
TOC7_RS02205,0,0,0,1,1,1,1,0
GO985_RS09835,0,0,0,1,1,1,1,0
THIX_RS00830,0,0,0,1,1,1,1,0
THI_RS07040,0,0,0,1,1,1,1,0
TINT_RS06090,0,0,0,1,1,1,1,0
BVH73_RS00395,0,0,0,1,1,1,1,0
GO970_RS01980,0,0,0,1,1,1,1,0
GO948_RS16610,0,0,0,1,1,1,1,0
TOC7_RS01970,0,0,0,1,1,1,1,0
GO985_RS10070,0,0,0,1,1,1,1,0
THIX_RS00590,0,0,0,1,1,1,1,0
THI_RS07200,0,0,0,1,1,1,1,0
TINT_RS06300,0,0,0,1,1,1,1,0
BVH73_RS14325,0,0,0,1,1,1,1,0
GO970_RS01770,0,0,0,1,1,1,1,0
GO948_RS16820,0,0,0,1,1,1,1,0
TOC7_RS01760,0,0,0,1,1,1,1,0
GO985_RS10280,0,0,0,1,1,1,1,0
THIX_RS07390,0,0,0,1,1,1,1,0
THI_RS09310,0,0,0,1,1,1,1,0
TINT_RS08255,0,0,0,1,1,1,1,0
BVH73_RS14135,0,0,0,1,1,1,1,0
GO970_RS00280,0,0,0,1,1,1,1,0
GO948_RS18310,0,0,0,1,1,1,1,0
TOC7_RS00265,0,0,0,1,1,1,1,0
GO985_RS11765,0,0,0,1,1,1,1,0
THIX_RS17690,0,0,0,1,1,1,1,0
THI_RS15400,0,0,0,1,1,1,1,0
TINT_RS13960,0,0,0,1,1,1,1,0
BVH73_RS06485,0,0,0,1,1,1,1,0
GO970_RS07060,0,0,0,1,1,1,1,0
GO948_RS11540,0,0,0,1,1,1,1,0
TOC7_RS07060,0,0,0,1,1,1,1,0
GO985_RS05010,0,0,0,1,1,1,1,0
THIX_RS03170,0,0,0,1,1,1,1,0
THI_RS00100,0,0,0,1,1,1,1,0
TINT_RS00110,0,0,0,1,1,1,1,0
BVH73_RS08610,0,0,0,1,1,1,1,0
GO970_RS09565,0,0,0,1,1,1,1,0
GO948_RS09075,0,0,0,1,1,1,1,0
TOC7_RS09575,0,0,0,1,1,1,1,0
GO985_RS02500,0,0,0,1,1,1,1,0
THIX_RS03435,0,0,0,1,1,1,1,0
THI_RS01980,0,0,0,1,1,1,1,0
TINT_RS01940,0,0,0,1,1,1,1,0
BVH73_RS05610,0,0,0,1,1,1,1,0
GO970_RS11530,0,0,0,1,1,1,1,0
GO948_RS07100,0,0,0,1,1,1,1,0
TOC7_RS11585,0,0,0,1,1,1,1,0
GO985_RS00530,0,0,0,1,1,1,1,0
THIX_RS04985,0,0,0,1,1,1,1,0
THI_RS02905,0,0,0,1,1,1,1,0
TINT_RS02585,0,0,0,1,1,1,1,0
BVH73_RS05590,0,0,0,1,1,1,1,0
GO970_RS12865,0,0,0,1,1,1,1,0
GO948_RS05780,0,0,0,1,1,1,1,0
TOC7_RS12925,0,0,0,1,1,1,1,0
GO985_RS17820,0,0,0,1,1,1,1,0
THIX_RS05005,0,0,0,1,1,1,1,0
THI_RS06760,0,0,0,1,1,1,1,0
TINT_RS05815,0,0,0,1,1,1,1,0
BVH73_RS00685,0,0,0,1,1,1,1,0
GO970_RS02255,0,0,0,1,1,1,1,0
GO948_RS16335,0,0,0,1,1,1,1,0
TOC7_RS02245,0,0,0,1,1,1,1,0
GO985_RS09795,0,0,0,1,1,1,1,0
THIX_RS00935,0,0,0,1,1,1,1,0
THI_RS13575,0,0,0,1,1,1,1,0
TINT_RS12745,0,0,0,1,1,1,1,0
BVH73_RS10725,0,0,0,1,1,1,1,0
GO970_RS05865,0,0,0,1,1,1,1,0
GO948_RS12735,0,0,0,1,1,1,1,0
TOC7_RS05865,0,0,0,1,1,1,1,0
GO985_RS06205,0,0,0,1,1,1,1,0
THIX_RS07240,0,0,0,1,1,1,1,0
THI_RS00745,0,0,0,1,1,1,1,0
TINT_RS00720,0,0,0,1,1,1,1,0
BVH73_RS09295,0,0,0,1,1,1,1,0
GO970_RS10090,0,0,0,1,1,1,1,0
GO948_RS08550,0,0,0,1,1,1,1,0
TOC7_RS10100,0,0,0,1,1,1,1,0
GO985_RS01975,0,0,0,1,1,1,1,0
THIX_RS02710,0,0,0,1,1,1,1,0
THI_RS02970,0,0,0,1,1,1,1,0
TINT_RS02650,0,0,0,1,1,1,1,0
BVH73_RS05525,0,0,0,1,1,1,1,0
GO970_RS12930,0,0,0,1,1,1,1,0
GO948_RS05715,0,0,0,1,1,1,1,0
TOC7_RS12990,0,0,0,1,1,1,1,0
GO985_RS17755,0,0,0,1,1,1,1,0
THIX_RS05070,0,0,0,1,1,1,1,0
THI_RS05005,0,0,0,1,1,1,1,0
TINT_RS04275,0,0,0,1,1,1,1,0
BVH73_RS03775,0,0,0,1,1,1,1,0
GO970_RS04645,0,0,0,1,1,1,1,0
GO948_RS13960,0,0,0,1,1,1,1,0
TOC7_RS04620,0,0,0,1,1,1,1,0
GO985_RS07415,0,0,0,1,1,1,1,0
THIX_RS20050,0,0,0,1,1,1,1,0
THI_RS08295,0,0,0,1,1,1,1,0
TINT_RS07115,0,0,0,1,1,1,1,0
BVH73_RS15125,0,0,0,1,1,1,1,0
GO970_RS00840,0,0,0,1,1,1,1,0
GO948_RS17750,0,0,0,1,1,1,1,0
TOC7_RS00830,0,0,0,1,1,1,1,0
GO985_RS11210,0,0,0,1,1,1,1,0
THIX_RS17560,0,0,0,1,1,1,1,0
THI_RS00880,0,0,0,1,1,1,1,0
TINT_RS00855,0,0,0,1,1,1,1,0
BVH73_RS09475,0,0,0,1,1,1,1,0
GO970_RS10240,0,0,0,1,1,1,1,0
GO948_RS08400,0,0,0,1,1,1,1,0
TOC7_RS10265,0,0,0,1,1,1,1,0
GO985_RS01825,0,0,0,1,1,1,1,0
THIX_RS02975,0,0,0,1,1,1,1,0
THI_RS01805,0,0,0,1,1,1,1,0
TINT_RS01765,0,0,0,1,1,1,1,0
BVH73_RS05790,0,0,0,1,1,1,1,0
GO970_RS11345,0,0,0,1,1,1,1,0
GO948_RS07285,0,0,0,1,1,1,1,0
TOC7_RS11400,0,0,0,1,1,1,1,0
GO985_RS00715,0,0,0,1,1,1,1,0
THIX_RS04745,0,0,0,1,1,1,1,0
THI_RS01965,0,0,0,1,1,1,1,0
TINT_RS01925,0,0,0,1,1,1,1,0
BVH73_RS05625,0,0,0,1,1,1,1,0
GO970_RS11515,0,0,0,1,1,1,1,0
GO948_RS07115,0,0,0,1,1,1,1,0
TOC7_RS11570,0,0,0,1,1,1,1,0
GO985_RS00545,0,0,0,1,1,1,1,0
THIX_RS04970,0,0,0,1,1,1,1,0
THI_RS05340,0,0,0,1,1,1,1,0
TINT_RS04600,0,0,0,1,1,1,1,0
BVH73_RS12545,0,0,0,1,1,1,1,0
GO970_RS04295,0,0,0,1,1,1,1,0
GO948_RS14310,0,0,0,1,1,1,1,0
TOC7_RS04270,0,0,0,1,1,1,1,0
GO985_RS07765,0,0,0,1,1,1,1,0
THIX_RS03950,0,0,0,1,1,1,1,0
THI_RS05420,0,0,0,1,1,1,1,0
TINT_RS04680,0,0,0,1,1,1,1,0
BVH73_RS12650,0,0,0,1,1,1,1,0
GO970_RS04215,0,0,0,1,1,1,1,0
GO948_RS14390,0,0,0,1,1,1,1,0
TOC7_RS04190,0,0,0,1,1,1,1,0
GO985_RS07845,0,0,0,1,1,1,1,0
THIX_RS06925,0,0,0,1,1,1,1,0
THI_RS07545,1,1,1,0,0,0,0,0
TINT_RS06645,1,1,1,0,0,0,0,0
BVH73_RS14610,1,1,1,0,0,0,0,0
GO970_RS01420,1,1,1,0,0,0,0,0
GO948_RS17170,1,1,1,0,0,0,0,0
TOC7_RS01410,1,1,1,0,0,0,0,0
GO985_RS10630,1,1,1,0,0,0,0,0
THIX_RS18770,1,1,1,0,0,0,0,0
THI_RS08390,1,1,1,0,0,0,0,0
TINT_RS07210,1,1,1,0,0,0,0,0
BVH73_RS15220,1,1,1,0,0,0,0,0
GO970_RS00745,1,1,1,0,0,0,0,0
GO948_RS17845,1,1,1,0,0,0,0,0
TOC7_RS00735,1,1,1,0,0,0,0,0
GO985_RS11305,1,1,1,0,0,0,0,0
THIX_RS13720,1,1,1,0,0,0,0,0
THI_RS10000,1,1,1,0,0,0,0,0
TINT_RS08820,1,1,1,0,0,0,0,0
BVH73_RS13490,1,1,1,0,0,0,0,0
GO970_RS18020,1,1,1,0,0,0,0,0
GO948_RS00650,1,1,1,0,0,0,0,0
TOC7_RS18135,1,1,1,0,0,0,0,0
GO985_RS12675,1,1,1,0,0,0,0,0
THIX_RS17245,1,1,1,0,0,0,0,0
THI_RS13585,1,1,1,0,0,0,0,0
TINT_RS12755,1,1,1,0,0,0,0,0
BVH73_RS10715,1,1,1,0,0,0,0,0
GO970_RS05875,1,1,1,0,0,0,0,0
GO948_RS12725,1,1,1,0,0,0,0,0
TOC7_RS05875,1,1,1,0,0,0,0,0
GO985_RS06195,1,1,1,0,0,0,0,0
THIX_RS07230,1,1,1,0,0,0,0,0
THI_RS10070,1,1,1,0,0,0,0,0
TINT_RS08890,1,1,0,1,1,0,1,0
BVH73_RS13420,0,0,0,0,1,1,1,1
GO970_RS17945,0,0,0,0,1,1,1,1
GO948_RS00725,0,0,1,0,0,1,1,0
TOC7_RS18060,1,1,0,1,1,1,1,1
GO985_RS12750,1,1,0,1,1,1,1,1
THIX_RS15685,1,1,0,1,1,1,1,1
THI_RS03280,1,1,0,1,1,1,1,1
TINT_RS02795,1,1,0,1,1,1,1,1
BVH73_RS05265,1,1,0,1,1,1,1,1
GO970_RS13120,1,1,0,1,1,1,1,1
GO948_RS05525,1,1,0,1,1,1,1,1
TOC7_RS13180,1,1,0,1,1,1,1,1
GO985_RS17565,1,1,0,1,1,1,1,1
THIX_RS04335,1,1,0,1,1,1,1,1
THI_RS03550,1,1,0,1,1,1,1,1
TINT_RS03060,1,1,0,1,1,1,1,1
BVH73_RS04940,1,1,0,1,1,1,1,1
GO970_RS13525,1,1,0,1,1,1,1,1
GO948_RS05120,1,1,0,1,1,1,1,1
TOC7_RS13585,1,1,0,1,1,1,1,1
GO985_RS17160,1,1,0,1,1,1,1,1
THIX_RS07525,1,1,0,1,1,1,1,1
THI_RS06355,1,1,0,1,1,1,1,1
TINT_RS05500,1,1,0,1,1,1,1,1
BVH73_RS01005,1,1,0,1,1,1,1,1
GO970_RS02585,1,1,0,1,1,1,1,1
GO948_RS16000,1,1,0,1,1,1,1,1
TOC7_RS02580,1,1,0,1,1,1,1,1
GO985_RS09460,1,1,0,1,1,1,1,1
THIX_RS04485,1,1,0,1,1,1,1,1
THI_RS11840,1,1,0,1,1,1,1,1
TINT_RS11185,1,1,0,1,1,1,1,1
BVH73_RS12230,1,1,0,1,1,1,1,1
GO970_RS15420,1,1,0,1,1,1,1,1
GO948_RS03255,1,1,0,1,1,1,1,1
TOC7_RS15520,1,1,0,1,1,1,1,1
GO985_RS15275,1,1,0,1,1,1,1,1
THIX_RS19850,1,1,0,1,1,1,1,1
THI_RS15795,1,1,0,1,1,1,1,1
TINT_RS14340,1,1,0,1,1,1,1,1
BVH73_RS06910,1,1,0,1,1,1,1,1
GO970_RS07450,1,1,0,1,1,1,1,1
GO948_RS11150,1,1,0,1,1,1,1,1
TOC7_RS07465,1,1,0,1,1,1,1,1
GO985_RS04615,1,1,0,1,1,1,1,1
THIX_RS03905,1,1,0,1,1,1,1,1
THI_RS00940,1,1,0,1,1,1,1,1
TINT_RS00915,1,1,0,1,1,1,1,1
BVH73_RS09535,1,1,0,1,1,1,1,1
GO970_RS10300,1,1,0,1,1,1,1,1
GO948_RS08340,1,1,0,1,1,1,1,1
TOC7_RS10325,1,1,0,1,1,1,1,1
GO985_RS01765,1,1,0,1,1,1,1,1
THIX_RS03370,1,1,0,1,1,1,1,1
THI_RS01390,1,1,0,1,1,1,1,1
TINT_RS01300,1,1,0,1,1,1,1,1
BVH73_RS06070,1,1,0,1,1,1,1,1
GO970_RS10835,1,1,0,1,1,1,1,1
GO948_RS07800,1,1,0,1,1,1,1,1
TOC7_RS10865,1,1,0,1,1,1,1,1
GO985_RS01225,1,1,0,1,1,1,1,1
THIX_RS18320,1,1,0,1,1,1,1,1
THI_RS03375,1,1,0,1,1,1,1,1
TINT_RS02885,1,1,0,1,1,1,1,1
BVH73_RS05120,1,1,0,1,1,1,1,1
GO970_RS13320,1,1,0,1,1,1,1,1
GO948_RS05325,1,1,0,1,1,1,1,1
TOC7_RS13380,1,1,0,1,1,1,1,1
GO985_RS17365,1,1,0,1,1,1,1,1
THIX_RS00115,1,1,0,1,1,1,1,1
THI_RS15185,1,1,0,1,1,1,1,1
TINT_RS13745,1,1,0,1,1,1,1,1
BVH73_RS06255,1,1,0,1,1,1,1,1
GO970_RS06845,1,1,0,1,1,1,1,1
GO948_RS11755,1,1,0,1,1,1,1,1
TOC7_RS06845,1,1,0,1,1,1,1,1
GO985_RS05225,1,1,0,1,1,1,1,1
THIX_RS02590,1,1,0,1,1,1,1,1
THI_RS00390,1,1,0,1,1,1,1,1
TINT_RS00360,1,1,0,1,1,1,1,1
BVH73_RS08900,1,1,0,1,1,1,1,1
GO970_RS09805,1,1,0,1,1,1,1,1
GO948_RS08835,1,1,0,1,1,1,1,1
TOC7_RS09815,1,1,0,1,1,1,1,1
GO985_RS02260,1,1,0,1,1,1,1,1
THIX_RS00540,1,1,0,1,1,1,1,1
THI_RS04995,1,1,0,1,1,1,1,1
TINT_RS04265,1,1,0,1,1,1,1,1
BVH73_RS03785,1,1,0,1,1,1,1,1
GO970_RS04655,1,1,0,1,1,1,1,1
GO948_RS13950,1,1,0,1,1,1,1,1
TOC7_RS04630,1,1,0,1,1,1,1,1
GO985_RS07405,1,1,0,1,1,1,1,1
THIX_RS20060,1,1,0,1,1,1,1,1
THI_RS15630,1,1,0,1,1,1,1,1
TINT_RS14190,1,1,0,1,1,1,1,1
BVH73_RS06740,1,1,0,1,1,1,1,1
GO970_RS07300,1,1,0,1,1,1,1,1
GO948_RS11300,1,1,0,1,1,1,1,1
TOC7_RS07315,1,1,0,1,1,1,1,1
GO985_RS04765,1,1,0,1,1,1,1,1
THIX_RS04690,1,1,0,1,1,1,1,1
THI_RS17530,1,1,0,1,1,1,1,1
TINT_RS15910,1,1,0,1,1,1,1,1
BVH73_RS08175,1,1,0,1,1,1,1,1
GO970_RS09235,1,1,0,1,1,1,1,1
GO948_RS09380,1,1,0,1,1,1,1,1
TOC7_RS09250,1,1,0,1,1,1,1,1
GO985_RS02825,1,1,0,1,1,1,1,1
THIX_RS03110,1,1,0,1,1,1,1,1
THI_RS05050,1,1,0,1,1,1,1,1
TINT_RS04320,1,1,0,1,1,1,1,1
BVH73_RS03730,1,1,0,1,1,1,1,1
GO970_RS04600,1,1,0,1,1,1,1,1
GO948_RS14005,1,1,0,1,1,1,1,1
TOC7_RS04575,1,1,0,1,1,1,1,1
GO985_RS07460,1,1,0,1,1,1,1,1
THIX_RS20005,1,1,0,1,1,1,1,1
THI_RS05565,1,1,0,1,1,1,1,1
TINT_RS04820,1,1,0,1,1,1,1,1
BVH73_RS12795,1,1,0,1,1,1,1,1
GO970_RS04080,1,1,0,1,1,1,1,1
GO948_RS14525,1,1,0,1,1,1,1,1
TOC7_RS04055,1,1,0,1,1,1,1,1
GO985_RS07980,1,1,0,1,1,1,1,1
THIX_RS05405,1,1,0,1,1,1,1,1
THI_RS00710,1,1,0,1,1,1,1,1
TINT_RS00685,1,1,0,1,1,1,1,1
BVH73_RS09260,1,1,0,1,1,1,1,1
GO970_RS10055,1,1,0,1,1,1,1,1
GO948_RS08585,1,1,0,1,1,1,1,1
TOC7_RS10065,1,1,0,1,1,1,1,1
GO985_RS02010,1,1,0,1,1,1,1,1
THIX_RS02745,1,1,0,1,1,1,1,1
THI_RS00895,1,1,0,1,1,1,1,1
TINT_RS00870,1,1,0,1,1,1,1,1
BVH73_RS09490,1,1,0,1,1,1,1,1
GO970_RS10255,1,1,0,1,1,1,1,1
GO948_RS08385,1,1,0,1,1,1,1,1
TOC7_RS10280,1,1,0,1,1,1,1,1
GO985_RS01810,1,1,0,1,1,1,1,1
THIX_RS02990,1,1,0,1,1,1,1,1
THI_RS00915,1,1,0,1,1,1,1,1
TINT_RS00890,1,1,0,1,1,1,1,1
BVH73_RS09510,1,1,0,1,1,1,1,1
GO970_RS10275,1,1,0,1,1,1,1,1
GO948_RS08365,1,1,0,1,1,1,1,1
TOC7_RS10300,1,1,0,1,1,1,1,1
GO985_RS01790,1,1,0,1,1,1,1,1
THIX_RS03345,1,1,0,1,1,1,1,1
THI_RS00730,1,1,0,1,1,1,1,1
TINT_RS00705,1,1,0,1,1,1,1,1
BVH73_RS09280,1,1,0,1,1,1,1,1
GO970_RS10075,1,1,0,1,1,1,1,1
GO948_RS08565,1,1,0,1,1,1,1,1
TOC7_RS10085,1,1,0,1,1,1,1,1
GO985_RS01990,1,1,0,1,1,1,1,1
THIX_RS02725,1,1,0,1,1,1,1,1
THI_RS06130,1,1,0,1,1,1,1,1
TINT_RS05310,1,1,0,1,1,1,1,1
BVH73_RS13010,1,1,0,1,1,1,1,1
GO970_RS03595,1,1,0,1,1,1,1,1
GO948_RS15010,1,1,0,1,1,1,1,1
TOC7_RS03570,1,1,0,1,1,1,1,1
GO985_RS08465,1,1,0,1,1,1,1,1
THIX_RS09515,1,1,0,1,1,1,1,1
THI_RS14540,1,1,0,1,1,1,1,1
TINT_RS15325,1,1,0,1,1,1,1,1
BVH73_RS08415,1,1,0,1,1,1,1,1
GO970_RS19085,1,1,0,1,1,1,1,1
GO948_RS01555,1,1,0,1,1,1,1,1
TOC7_RS17230,1,1,0,1,1,1,1,1
GO985_RS13580,1,1,0,1,1,1,1,1
THIX_RS10345,1,1,0,1,1,1,1,1
THI_RS15860,1,1,0,1,1,1,1,1
TINT_RS14405,1,1,0,1,1,1,1,1
BVH73_RS06975,1,1,0,1,1,1,1,1
GO970_RS07515,1,1,0,1,1,1,1,1
GO948_RS11085,1,1,0,1,1,1,1,1
TOC7_RS07530,1,1,0,1,1,1,1,1
GO985_RS04550,1,1,0,1,1,1,1,1
THIX_RS20655,1,1,0,1,1,1,1,1
THI_RS02505,1,1,0,1,1,1,1,1
TINT_RS02310,1,1,0,1,1,1,1,1
BVH73_RS02945,1,1,0,1,1,1,1,1
GO970_RS12635,1,1,0,1,1,1,1,1
GO948_RS06010,1,1,0,1,1,1,1,1
TOC7_RS12695,1,1,0,1,1,1,1,1
GO985_RS18050,1,1,0,1,1,1,1,1
THIX_RS06740,1,1,0,1,1,1,1,1
THI_RS07395,1,1,0,1,1,1,1,1
TINT_RS06490,0,1,1,1,1,1,1,0
BVH73_RS14455,0,1,1,1,1,1,1,0
GO970_RS01580,0,1,1,1,1,1,1,0
GO948_RS17010,0,1,1,1,1,1,1,0
TOC7_RS01570,0,1,1,1,1,1,1,0
GO985_RS10470,0,1,1,1,1,1,1,0
THIX_RS04440,0,1,1,1,1,1,1,0
THI_RS11205,0,1,1,1,1,1,1,0
TINT_RS10555,0,1,1,1,1,1,1,0
BVH73_RS02305,0,1,1,1,1,1,1,0
GO970_RS16015,0,1,1,1,1,1,1,0
GO948_RS02660,0,1,1,1,1,1,1,0
TOC7_RS16115,0,1,1,1,1,1,1,0
GO985_RS14680,0,1,1,1,1,1,1,0
THIX_RS17340,0,1,1,1,1,1,1,0
THI_RS11375,0,1,1,1,1,1,1,0
TINT_RS10725,0,1,1,1,1,1,1,0
BVH73_RS02475,0,1,1,1,1,1,1,0
GO970_RS15830,0,0,0,0,1,1,1,0
GO948_RS02845,0,0,0,0,1,1,1,0
TOC7_RS15930,0,0,0,1,0,1,0,1
GO985_RS14865,1,1,0,0,1,1,0,0
THIX_RS01715,1,0,0,1,0,1,1,1
THI_RS12975,1,0,1,1,1,1,1,0
TINT_RS12155,1,0,1,1,1,1,1,0
BVH73_RS11185,1,0,1,1,1,1,1,0
GO970_RS14445,1,0,1,1,1,1,1,0
GO948_RS04230,1,0,1,1,1,1,1,0
TOC7_RS14545,1,0,1,1,1,1,1,0
GO985_RS16250,1,0,1,1,1,1,1,0
THIX_RS07730,1,0,1,1,1,1,1,0
THI_RS04855,1,0,1,1,1,1,1,0
TINT_RS04140,1,0,1,1,1,1,1,0
BVH73_RS03870,1,0,1,1,1,1,1,0
GO970_RS04780,1,0,1,1,1,1,1,0
GO948_RS13825,1,0,1,1,1,1,1,0
TOC7_RS04755,1,0,1,1,1,1,1,0
GO985_RS07280,1,0,1,1,1,1,1,0
THIX_RS20175,1,0,1,1,1,1,1,0
THI_RS15605,1,0,1,1,1,1,1,0
TINT_RS14165,1,0,1,1,1,1,1,0
BVH73_RS06715,1,0,1,1,1,1,1,0
GO970_RS07275,1,0,1,1,1,1,1,0
GO948_RS11325,1,0,1,1,1,1,1,0
TOC7_RS07290,1,0,1,1,1,1,1,0
GO985_RS04790,1,0,1,1,1,1,1,0
THIX_RS05600,1,0,1,1,1,1,1,0
THI_RS01545,1,0,1,1,1,1,1,0
TINT_RS01480,1,0,1,1,1,1,1,0
BVH73_RS05955,1,0,1,1,1,1,1,0
GO970_RS11010,1,0,1,1,1,1,1,0
GO948_RS07625,1,0,1,1,1,1,1,0
TOC7_RS11040,0,1,1,0,0,0,0,1
GO985_RS01050,0,1,1,0,0,0,0,1
THIX_RS04070,0,1,1,0,0,0,0,1
THI_RS01960,0,1,1,0,0,0,0,1
TINT_RS01920,0,1,1,0,0,0,0,1
BVH73_RS05630,0,1,1,0,0,0,0,1
GO970_RS11510,0,1,1,0,0,0,0,1
GO948_RS07120,0,1,1,0,0,0,0,1
TOC7_RS11565,0,1,1,0,0,0,0,1
GO985_RS00550,0,0,1,0,1,1,0,1
THIX_RS04965,1,0,0,0,1,1,0,0
THI_RS11535,1,0,0,0,1,1,0,0
TINT_RS10885,1,1,0,1,1,1,1,0
BVH73_RS03440,1,1,0,1,1,1,1,0
GO970_RS15655,1,1,0,1,1,1,1,0
GO948_RS03020,1,1,0,1,1,1,1,0
TOC7_RS15755,1,1,0,1,1,1,1,0
GO985_RS15040,1,1,0,1,1,1,1,0
THIX_RS03575,1,1,0,1,1,1,1,0
THI_RS14820,1,1,0,1,1,1,1,0
TINT_RS13405,1,1,0,1,1,1,1,0
BVH73_RS10200,1,1,0,1,1,1,1,0
GO970_RS06525,1,1,0,1,1,1,1,0
GO948_RS12075,1,1,0,1,1,1,1,0
TOC7_RS06525,1,1,0,1,1,1,1,0
GO985_RS05545,1,1,0,1,1,1,1,0
THIX_RS03710,1,1,0,1,1,1,1,0
THI_RS16080,1,1,0,1,1,1,1,0
TINT_RS14720,1,1,0,1,1,1,1,0
BVH73_RS07135,1,1,0,1,1,1,1,0
GO970_RS07675,1,1,0,1,1,1,1,0
GO948_RS10925,1,1,0,1,1,1,1,0
TOC7_RS07695,1,1,0,1,1,1,1,0
GO985_RS04390,1,1,0,1,1,1,1,0
THIX_RS00995,1,1,0,1,1,1,1,0
THI_RS00725,1,1,0,1,1,1,1,0
TINT_RS00700,1,1,0,1,1,1,1,0
BVH73_RS09275,1,1,0,1,1,1,1,0
GO970_RS10070,1,1,0,1,1,1,1,0
GO948_RS08570,1,1,0,1,1,1,1,0
TOC7_RS10080,1,1,0,1,1,1,1,0
GO985_RS01995,1,1,0,1,1,1,1,0
THIX_RS02730,1,1,0,1,1,1,1,0
THI_RS04490,1,1,0,1,1,1,1,0
TINT_RS03795,1,1,0,1,1,1,1,0
BVH73_RS04230,1,1,0,1,1,1,1,0
GO970_RS05115,1,1,0,1,1,1,1,0
GO948_RS13490,1,1,0,1,1,1,1,0
TOC7_RS05090,1,1,0,1,1,1,1,0
GO985_RS06945,1,1,0,1,1,1,1,0
THIX_RS12980,1,1,0,1,1,1,1,0
THI_RS06115,1,1,0,1,1,1,1,0
TINT_RS05295,1,1,0,1,1,1,1,0
BVH73_RS12995,1,1,0,1,1,1,1,0
GO970_RS03610,1,1,0,1,1,1,1,0
GO948_RS14995,1,1,0,1,1,1,1,0
TOC7_RS03585,1,1,0,1,1,1,1,0
GO985_RS08450,1,1,0,1,1,1,1,0
THIX_RS09500,1,1,0,1,1,1,1,0
THI_RS06855,1,1,0,1,1,1,1,0
TINT_RS05910,1,1,0,1,1,1,1,0
BVH73_RS00595,1,1,0,1,1,1,1,0
GO970_RS02160,1,1,0,1,1,1,1,0
GO948_RS16430,1,1,0,1,1,1,1,0
TOC7_RS02150,1,1,0,1,1,1,1,0
GO985_RS09890,1,1,0,1,1,1,1,0
THIX_RS00765,1,1,0,1,1,1,1,0
THI_RS08625,1,1,0,1,1,1,1,0
TINT_RS07445,1,1,0,1,1,1,1,0
BVH73_RS00020,1,1,0,1,1,1,1,0
GO970_RS00500,1,1,0,1,1,1,1,0
GO948_RS18090,1,1,0,1,1,1,1,0
TOC7_RS00490,1,1,0,1,1,1,1,0
GO985_RS11545,1,1,0,1,1,1,1,0
THIX_RS13640,1,1,0,1,1,1,1,0
THI_RS14665,1,1,0,1,1,1,1,0
TINT_RS13280,1,1,0,1,1,1,1,0
BVH73_RS02610,1,1,0,1,1,1,1,0
GO970_RS06400,1,1,0,1,1,1,1,0
GO948_RS12200,1,1,0,1,1,1,1,0
TOC7_RS06400,1,1,0,1,1,1,1,0
GO985_RS05670,1,1,0,1,1,1,1,0
THIX_RS08980,1,1,0,1,1,1,1,0
THI_RS00495,1,1,0,1,1,1,1,0
TINT_RS00465,1,1,0,1,1,1,1,0
BVH73_RS09005,1,1,0,1,1,1,1,0
GO970_RS09910,1,1,0,1,1,1,1,0
GO948_RS08730,1,1,0,1,1,1,1,0
TOC7_RS09920,1,1,0,1,1,1,1,0
GO985_RS02155,1,1,0,1,1,1,1,0
THIX_RS01485,1,1,0,1,1,1,1,0
THI_RS00735,1,1,0,1,1,1,1,0
TINT_RS00710,1,1,0,1,1,1,1,0
BVH73_RS09285,1,1,0,1,1,1,1,0
GO970_RS10080,1,1,0,1,1,1,1,0
GO948_RS08560,1,1,0,1,1,1,1,0
TOC7_RS10090,1,1,0,1,1,1,1,0
GO985_RS01985,1,1,0,1,1,1,1,0
THIX_RS02720,1,1,0,1,1,1,1,0
THI_RS18410,1,1,0,1,1,1,1,0
TINT_RS05930,1,1,0,1,1,1,1,0
BVH73_RS00575,1,1,0,1,1,1,1,0
GO970_RS02140,1,1,0,1,1,1,1,0
GO948_RS16450,1,1,0,1,1,1,1,0
TOC7_RS02130,1,1,0,1,1,1,1,0
GO985_RS09910,1,1,0,1,1,1,1,0
THIX_RS00745,1,1,0,1,1,1,1,0
THI_RS07695,1,1,0,1,1,1,1,0
TINT_RS06795,1,1,0,1,1,1,1,0
BVH73_RS14810,1,1,0,1,1,1,1,0
GO970_RS01275,1,1,0,1,1,1,1,0
GO948_RS17315,1,1,0,1,1,1,1,0
TOC7_RS01265,1,1,0,1,1,1,1,0
GO985_RS10775,1,1,0,1,1,1,1,0
THIX_RS11530,1,1,0,1,1,1,1,0
THI_RS11230,1,1,0,1,1,1,1,0
TINT_RS10580,1,1,0,1,1,1,1,0
BVH73_RS02330,1,1,0,1,1,1,1,0
GO970_RS15990,1,1,0,1,1,1,1,0
GO948_RS02685,1,1,0,1,1,1,1,0
TOC7_RS16090,1,1,0,1,1,1,1,0
GO985_RS14705,1,1,0,1,1,1,1,0
THIX_RS17365,1,1,0,1,1,1,1,0
THI_RS04835,1,1,0,1,1,1,1,0
TINT_RS04120,1,1,0,1,1,1,1,0
BVH73_RS03890,1,1,0,1,1,1,1,0
GO970_RS04800,1,1,0,1,1,1,1,0
GO948_RS13805,1,1,0,1,1,1,1,0
TOC7_RS04775,1,1,0,1,1,1,1,0
GO985_RS07260,1,1,0,1,1,1,1,0
THIX_RS20195,1,1,0,1,1,1,1,0
THI_RS06080,1,1,0,1,1,1,1,0
TINT_RS05260,1,1,0,1,1,1,1,0
BVH73_RS12960,1,1,0,1,1,1,1,0
GO970_RS03645,1,1,0,1,1,1,1,0
GO948_RS14960,1,1,0,1,1,1,1,0
TOC7_RS03620,1,1,0,1,1,1,1,0
GO985_RS08415,1,1,0,1,1,1,1,0
THIX_RS09470,1,1,0,1,1,1,1,0
THI_RS11345,1,1,0,1,1,1,1,0
TINT_RS10695,1,1,0,1,1,1,1,0
BVH73_RS02445,1,1,0,1,1,1,1,0
GO970_RS15875,1,1,0,1,1,1,1,0
GO948_RS02800,1,1,0,1,1,1,1,0
TOC7_RS15975,1,1,0,1,1,1,1,0
GO985_RS14820,1,1,0,1,1,1,1,0
THIX_RS17485,1,1,0,1,1,1,1,0
THI_RS12230,1,1,0,1,1,1,1,0
TINT_RS11475,1,1,0,1,1,1,1,0
BVH73_RS11850,1,1,0,1,1,1,1,0
GO970_RS15130,1,1,0,1,1,1,1,0
GO948_RS03545,1,1,0,1,1,1,1,0
TOC7_RS15230,1,1,0,1,1,1,1,0
GO985_RS15565,1,1,0,1,1,1,1,0
THIX_RS19245,1,1,0,1,1,1,1,0
THI_RS12465,1,1,0,1,1,1,1,0
TINT_RS11710,1,1,0,1,1,1,1,0
BVH73_RS11610,1,1,0,1,1,1,1,0
GO970_RS14890,1,1,0,1,1,1,1,0
GO948_RS03785,1,1,0,1,1,1,1,0
TOC7_RS14990,1,1,0,1,1,1,1,0
GO985_RS15805,1,1,0,1,1,1,1,0
THIX_RS06205,1,0,1,1,1,1,1,1
THI_RS13515,1,0,1,1,1,1,1,1
TINT_RS12685,1,0,1,1,1,1,1,1
BVH73_RS10785,1,0,1,1,1,1,1,1
GO970_RS05805,1,0,1,1,1,1,1,1
GO948_RS12795,1,0,1,1,1,1,1,1
TOC7_RS05805,1,0,1,1,1,1,1,1
GO985_RS06265,1,0,1,1,1,1,1,1
THIX_RS07300,1,0,1,1,1,1,1,1
THI_RS07535,1,0,1,1,1,1,1,1
TINT_RS06635,1,0,1,1,1,1,1,1
BVH73_RS14580,1,0,1,1,1,1,1,1
GO970_RS01430,1,0,1,1,1,1,1,1
GO948_RS17160,1,0,1,1,1,1,1,1
TOC7_RS01420,1,0,1,1,1,1,1,1
GO985_RS10620,1,0,1,1,1,1,1,1
THIX_RS02885,1,0,1,1,1,1,1,1
THI_RS12985,1,0,1,1,1,1,1,1
TINT_RS12165,1,0,1,1,1,1,1,1
BVH73_RS11175,1,0,1,1,1,1,1,1
GO970_RS14435,1,0,1,1,1,1,1,1
GO948_RS04240,1,0,1,1,1,1,1,1
TOC7_RS14535,1,0,1,1,1,1,1,1
GO985_RS16260,1,0,1,1,1,1,1,1
THIX_RS07740,1,0,1,1,1,1,1,1
THI_RS14905,1,0,1,1,1,1,1,1
TINT_RS13490,1,0,1,1,1,1,1,1
BVH73_RS10080,1,0,1,1,1,1,1,1
GO970_RS06590,1,0,1,1,1,1,1,1
GO948_RS12010,1,0,1,1,1,1,1,1
TOC7_RS06590,1,0,1,1,1,1,1,1
GO985_RS05480,1,0,1,1,1,1,1,1
THIX_RS09805,1,0,1,1,1,1,1,1
THI_RS14925,1,0,1,1,1,1,1,1
TINT_RS13510,1,0,1,1,1,1,1,1
BVH73_RS10060,1,0,1,1,1,1,1,1
GO970_RS06610,1,0,1,1,1,1,1,1
GO948_RS11990,1,0,1,1,1,1,1,1
TOC7_RS06610,1,0,1,1,1,1,1,1
GO985_RS05460,1,0,1,1,1,1,1,1
THIX_RS03980,1,0,1,1,1,1,1,1
THI_RS15415,1,0,1,1,1,1,1,1
TINT_RS13975,1,0,1,1,1,1,1,1
BVH73_RS06505,1,0,1,1,1,1,1,1
GO970_RS07080,1,0,1,1,1,1,1,1
GO948_RS11520,1,0,1,1,1,1,1,1
TOC7_RS07080,1,0,1,1,1,1,1,1
GO985_RS04990,1,0,1,1,1,1,1,1
THIX_RS03185,1,0,1,1,1,1,1,1
THI_RS02575,1,0,1,1,1,1,1,1
TINT_RS02370,1,0,1,1,1,1,1,1
BVH73_RS02860,1,0,1,1,1,1,1,1
GO970_RS12700,1,0,1,1,1,1,1,1
GO948_RS05945,1,0,1,1,1,1,1,1
TOC7_RS12760,1,0,1,1,1,1,1,1
GO985_RS17985,1,0,1,1,1,1,1,1
THIX_RS07360,1,0,1,1,1,1,1,1
THI_RS02625,1,0,1,1,1,1,1,1
TINT_RS02420,1,0,1,1,1,1,1,1
BVH73_RS02810,1,0,1,1,1,1,1,1
GO970_RS12750,0,1,0,1,1,1,1,0
GO948_RS05895,0,1,0,1,1,1,1,0
TOC7_RS12810,0,1,0,1,1,1,1,0
GO985_RS17935,0,1,0,1,1,1,1,0
THIX_RS19400,0,1,0,1,1,1,1,0
THI_RS03415,0,1,0,1,1,1,1,0
TINT_RS02925,0,1,0,1,1,1,1,0
BVH73_RS05085,0,1,0,1,1,1,1,0
GO970_RS13365,0,1,0,1,1,1,1,0
GO948_RS05280,0,1,0,1,1,1,1,0
TOC7_RS13425,0,1,0,1,1,1,1,0
GO985_RS17320,0,1,0,1,1,1,1,0
THIX_RS20440,0,1,0,1,1,1,1,0
THI_RS03745,0,1,0,1,1,1,1,0
TINT_RS03220,0,1,0,1,1,1,1,0
BVH73_RS04775,0,1,0,1,1,1,1,0
GO970_RS13685,0,1,0,1,1,1,1,0
GO948_RS04960,0,1,0,1,1,1,1,0
TOC7_RS13745,0,1,0,1,1,1,1,0
GO985_RS17000,0,1,0,1,1,1,1,0
THIX_RS22140,0,1,0,1,1,1,1,0
THI_RS08700,0,1,0,1,1,1,1,0
TINT_RS07530,0,1,0,1,1,1,1,0
BVH73_RS00095,0,1,0,1,1,1,1,0
GO970_RS00420,0,1,0,1,1,1,1,0
GO948_RS18170,0,1,0,1,1,1,1,0
TOC7_RS00410,0,1,0,1,1,1,1,0
GO985_RS11625,0,1,0,1,1,1,1,0
THIX_RS13510,0,1,0,1,1,1,1,0
THI_RS15545,0,1,0,1,1,1,1,0
TINT_RS14105,0,1,0,1,1,1,1,0
BVH73_RS06655,0,1,0,1,1,1,1,0
GO970_RS07215,0,1,0,1,1,1,1,0
GO948_RS11385,0,1,0,1,1,1,1,0
TOC7_RS07230,0,1,0,1,1,1,1,0
GO985_RS04850,0,1,0,1,1,1,1,0
THIX_RS13970,0,1,0,1,1,1,1,0
THI_RS01580,0,1,0,1,1,1,1,0
TINT_RS01525,0,1,0,1,1,1,1,0
BVH73_RS05920,0,1,0,1,1,1,1,0
GO970_RS11045,0,1,0,1,1,1,1,0
GO948_RS07590,0,1,0,1,1,1,1,0
TOC7_RS11075,0,1,0,1,1,1,1,0
GO985_RS01015,0,1,0,1,1,1,1,0
THIX_RS04020,0,1,0,1,1,1,1,0
THI_RS03845,0,1,0,1,1,1,1,0
TINT_RS03315,0,1,0,1,1,1,1,0
BVH73_RS04680,0,1,0,1,1,1,1,0
GO970_RS13785,0,1,0,1,1,1,1,0
GO948_RS04860,0,1,0,1,1,1,1,0
TOC7_RS13845,0,1,0,1,1,1,1,0
GO985_RS16900,0,1,0,1,1,1,1,0
THIX_RS02390,0,1,0,1,1,1,1,0
THI_RS09785,0,1,0,1,1,1,1,0
TINT_RS08605,0,1,0,1,1,1,1,0
BVH73_RS13725,0,1,0,1,1,1,1,0
GO970_RS18240,0,1,0,1,1,1,1,0
GO948_RS00430,0,1,0,1,1,1,1,0
TOC7_RS18355,0,1,0,1,1,1,1,0
GO985_RS12455,0,1,0,1,1,1,1,0
THIX_RS09715,0,1,0,1,1,1,1,0
THI_RS14720,0,1,0,1,1,1,1,0
TINT_RS13330,0,1,0,1,1,1,1,0
BVH73_RS02560,0,1,0,1,1,1,1,0
GO970_RS06450,0,1,0,1,1,1,1,0
GO948_RS12150,0,1,0,1,1,1,1,0
TOC7_RS06450,0,1,0,1,1,1,1,0
GO985_RS05620,0,1,0,1,1,1,1,0
THIX_RS18190,0,1,0,1,1,1,1,0
THI_RS02580,0,1,0,1,1,1,1,0
TINT_RS02375,0,1,0,1,1,1,1,0
BVH73_RS02855,0,1,0,1,1,1,1,0
GO970_RS12705,0,1,0,1,1,1,1,0
GO948_RS05940,0,1,0,1,1,1,1,0
TOC7_RS12765,0,1,0,1,1,1,1,0
GO985_RS17980,0,1,0,1,1,1,1,0
THIX_RS07365,0,1,0,1,1,1,1,0
THI_RS16225,0,1,0,1,1,1,1,0
TINT_RS14865,0,1,0,1,1,1,1,0
BVH73_RS07210,0,1,0,1,1,1,1,0
GO970_RS07820,0,1,0,1,1,1,1,0
GO948_RS10780,0,1,0,1,1,1,1,0
TOC7_RS07840,0,1,0,1,1,1,1,0
GO985_RS04245,0,1,0,1,1,1,1,0
THIX_RS19935,0,1,0,1,1,1,1,0
THI_RS17110,0,1,0,1,1,1,1,0
TINT_RS15560,0,1,0,1,1,1,1,0
BVH73_RS07735,0,1,0,1,1,1,1,0
GO970_RS08915,0,1,0,1,1,1,1,0
GO948_RS09700,0,1,0,1,1,1,1,0
TOC7_RS08930,0,1,0,1,1,1,1,0
GO985_RS03145,0,1,0,1,1,1,1,0
THIX_RS21240,0,1,0,1,1,1,1,0
THI_RS00825,0,1,0,1,1,1,1,0
TINT_RS00800,0,1,0,1,1,1,0,0
BVH73_RS09400,1,0,0,1,1,1,1,1
GO970_RS10185,1,0,0,1,1,1,1,1
GO948_RS08455,1,0,0,1,1,1,1,1
TOC7_RS10210,1,0,0,1,1,1,1,1
GO985_RS01880,1,0,0,1,1,1,1,1
THIX_RS02910,1,0,0,1,1,1,1,1
THI_RS01535,1,0,0,1,1,1,1,1
TINT_RS01470,1,0,0,1,1,1,1,1
BVH73_RS05965,1,0,0,1,1,1,1,1
GO970_RS11000,1,0,0,1,1,1,1,1
GO948_RS07635,1,0,0,1,1,1,1,1
TOC7_RS11030,1,0,0,1,1,1,1,1
GO985_RS01060,1,0,0,1,1,1,1,1
THIX_RS04080,1,0,0,1,1,1,1,1
THI_RS06145,1,0,0,1,1,1,1,1
TINT_RS05325,1,0,0,1,1,1,1,1
BVH73_RS13025,1,0,0,1,1,1,1,1
GO970_RS03580,1,0,0,1,1,1,1,1
GO948_RS15025,1,0,0,1,1,1,1,1
TOC7_RS03555,1,0,0,1,1,1,1,1
GO985_RS08480,1,0,0,1,1,1,1,1
THIX_RS06530,1,0,0,1,1,1,1,1
THI_RS17105,1,0,0,1,1,1,1,1
TINT_RS15555,1,0,0,1,1,1,1,1
BVH73_RS07730,1,0,0,1,1,1,1,1
GO970_RS08910,1,0,0,1,1,1,1,1
GO948_RS09705,1,0,0,1,1,1,1,1
TOC7_RS08925,1,0,0,1,1,1,1,1
GO985_RS03150,1,0,0,1,1,1,1,1
THIX_RS21235,1,0,0,1,1,1,1,1
THI_RS17130,1,0,0,1,1,1,1,1
TINT_RS15580,1,0,0,1,1,1,1,1
BVH73_RS07760,1,0,0,1,1,1,1,1
GO970_RS08935,1,0,0,1,1,1,1,1
GO948_RS09680,1,0,0,1,1,1,1,1
TOC7_RS08950,1,0,0,1,1,1,1,1
GO985_RS03125,1,0,0,1,1,1,1,1
THIX_RS21260,1,0,0,1,1,1,1,1
THI_RS03905,1,0,0,1,1,1,1,1
TINT_RS03375,1,0,0,1,1,1,1,1
BVH73_RS04640,1,0,0,1,1,1,1,1
GO970_RS13860,1,0,0,1,1,1,1,1
GO948_RS04785,1,0,0,1,1,1,1,1
TOC7_RS13920,1,0,0,1,1,1,1,1
GO985_RS16825,1,0,0,1,1,1,1,1
THIX_RS22100,1,0,0,1,1,1,1,1
THI_RS12705,1,0,0,1,1,1,1,1
TINT_RS11885,1,0,0,1,1,1,1,1
BVH73_RS11435,1,0,0,1,1,1,1,1
GO970_RS14715,1,0,0,1,1,1,1,1
GO948_RS03960,1,0,0,1,1,1,1,1
TOC7_RS14815,1,0,0,1,1,1,1,1
GO985_RS15980,1,0,0,1,1,1,1,1
THIX_RS07155,1,0,0,1,1,1,1,1
THI_RS00535,1,0,0,1,1,1,1,1
TINT_RS00505,1,0,0,1,1,1,1,1
BVH73_RS09045,1,0,0,1,1,1,1,1
GO970_RS09950,1,0,0,1,1,1,1,1
GO948_RS08690,1,0,0,1,1,1,1,1
TOC7_RS09960,1,0,0,1,1,1,1,1
GO985_RS02115,1,0,0,1,1,1,1,1
THIX_RS01560,1,0,0,1,1,1,1,1
THI_RS04755,1,0,0,1,1,1,1,1
TINT_RS04040,1,0,0,1,1,1,1,1
BVH73_RS03960,1,0,0,1,1,1,1,1
GO970_RS04880,1,0,0,1,1,1,1,1
GO948_RS13725,1,0,0,1,1,1,1,1
TOC7_RS04855,1,0,0,1,1,1,1,1
GO985_RS07180,1,0,0,1,1,1,1,1
THIX_RS20240,1,0,0,1,1,1,1,1
THI_RS07435,1,0,0,1,1,1,1,1
TINT_RS06530,1,0,0,1,1,1,1,1
BVH73_RS14490,1,0,0,1,1,1,1,1
GO970_RS01525,1,0,0,1,1,1,1,1
GO948_RS17065,1,0,0,1,1,1,1,1
TOC7_RS01515,1,0,0,1,1,1,1,1
GO985_RS10525,1,0,0,1,1,1,1,1
THIX_RS18640,1,0,0,1,1,1,1,1
THI_RS15880,1,0,0,1,1,1,1,1
TINT_RS14425,1,0,0,1,1,1,1,1
BVH73_RS06995,1,0,0,1,1,1,1,1
GO970_RS07535,1,0,0,1,1,1,1,1
GO948_RS11065,1,0,0,1,1,1,1,1
TOC7_RS07555,1,0,0,1,1,1,1,1
GO985_RS04530,1,0,0,1,1,1,1,1
THIX_RS20675,1,0,0,1,1,1,1,1
THI_RS05775,1,0,0,1,1,1,1,1
TINT_RS05040,1,0,0,1,1,1,1,1
BVH73_RS13150,1,0,0,1,1,1,1,1
GO970_RS03855,1,0,0,1,1,1,1,1
GO948_RS14750,1,1,0,0,0,0,0,0
TOC7_RS03830,1,1,0,0,0,0,0,0
GO985_RS08205,1,1,0,0,0,0,0,0
THIX_RS10040,1,1,0,0,0,0,0,0
THI_RS07455,1,1,0,0,0,0,0,0
TINT_RS06550,1,1,0,0,0,0,0,0
BVH73_RS14510,1,1,0,0,0,0,0,0
GO970_RS01505,1,1,0,0,0,0,0,0
GO948_RS17085,1,1,0,0,0,0,0,0
TOC7_RS01495,1,1,0,0,0,0,0,0
GO985_RS10545,1,1,0,0,0,0,0,0
THIX_RS06460,1,1,0,0,0,0,0,0
THI_RS11530,1,1,0,0,0,0,0,0
TINT_RS10880,1,1,0,0,0,0,0,0
BVH73_RS03435,1,1,0,0,0,0,0,0
GO970_RS15660,1,1,0,0,0,0,0,0
GO948_RS03015,1,1,0,0,0,0,0,0
TOC7_RS15760,1,1,0,0,0,0,0,0
GO985_RS15035,1,1,0,0,0,0,0,0
THIX_RS03570,1,1,0,0,0,0,0,0
THI_RS12970,1,1,0,0,0,0,0,0
TINT_RS12150,1,1,0,0,0,0,0,0
BVH73_RS11190,1,1,0,0,0,0,0,0
GO970_RS14450,1,1,0,0,0,0,0,0
GO948_RS04225,1,1,0,0,0,0,0,0
TOC7_RS14550,1,1,0,0,0,0,0,0
GO985_RS16245,1,1,0,0,0,0,0,0
THIX_RS12580,1,1,0,0,0,0,0,0
THI_RS16470,1,1,0,0,0,0,0,0
TINT_RS15120,1,1,0,0,0,0,0,0
BVH73_RS06120,1,1,0,0,0,0,0,0
GO970_RS08445,1,1,0,0,0,0,0,0
GO948_RS10170,1,1,0,0,0,0,0,0
TOC7_RS08460,1,1,0,0,0,0,0,0
GO985_RS03615,1,1,0,0,0,0,0,0
THIX_RS19515,1,1,0,0,0,0,0,0
THI_RS00720,1,1,0,0,0,0,0,0
TINT_RS00695,1,1,0,0,0,0,0,0
BVH73_RS09270,1,1,0,0,0,0,0,0
GO970_RS10065,1,1,0,0,0,0,0,0
GO948_RS08575,1,1,0,0,0,0,0,0
TOC7_RS10075,1,1,0,0,0,0,0,0
GO985_RS02000,1,1,0,0,0,0,0,0
THIX_RS02735,1,1,0,0,0,0,0,0
THI_RS02020,1,1,0,0,0,0,0,0
TINT_RS02055,1,1,0,0,0,0,0,0
BVH73_RS03260,1,1,0,0,0,0,0,0
GO970_RS11570,1,1,0,0,0,0,0,0
GO948_RS07060,1,1,0,0,0,0,0,0
TOC7_RS11625,1,1,0,0,0,0,0,0
GO985_RS00490,1,1,0,0,0,0,0,0
THIX_RS08580,1,1,0,0,0,0,0,0
THI_RS07755,1,1,0,0,0,0,0,0
TINT_RS06855,1,1,0,0,0,0,0,0
BVH73_RS00245,1,1,0,0,0,0,0,0
GO970_RS01210,1,1,0,0,0,0,0,0
GO948_RS17380,1,1,0,0,0,0,0,0
TOC7_RS01200,1,1,0,0,0,0,0,0
GO985_RS10840,1,1,0,0,0,0,0,0
THIX_RS13185,1,1,0,0,0,0,0,0
THI_RS03450,1,1,0,0,0,0,0,0
TINT_RS02960,1,1,0,0,0,0,0,0
BVH73_RS05050,1,1,0,0,0,0,0,0
GO970_RS13415,1,1,0,0,0,0,0,0
GO948_RS05230,1,1,0,0,0,0,0,0
TOC7_RS13475,1,1,0,0,0,0,0,0
GO985_RS17270,1,1,0,0,0,0,0,0
THIX_RS03145,1,1,0,0,0,0,0,0
THI_RS03735,1,1,0,0,0,0,0,0
TINT_RS03210,1,1,0,0,0,0,0,0
BVH73_RS04785,1,1,0,0,0,0,0,0
GO970_RS13675,1,1,0,0,0,0,0,0
GO948_RS04970,1,1,0,0,0,0,0,0
TOC7_RS13735,1,1,0,0,0,0,0,0
GO985_RS17010,1,1,0,0,0,0,0,0
THIX_RS22130,1,1,0,0,0,0,0,0
THI_RS07570,1,1,0,0,0,0,0,0
TINT_RS06670,1,1,0,0,0,0,0,0
BVH73_RS14635,1,1,0,0,0,0,0,0
GO970_RS01390,1,0,1,0,0,0,0,0
GO948_RS17200,1,0,1,0,0,0,0,0
TOC7_RS01380,1,0,1,0,0,0,0,0
GO985_RS10660,1,0,1,0,0,0,0,0
THIX_RS18735,1,0,1,0,0,0,0,0
THI_RS08115,1,0,1,0,0,0,0,0
TINT_RS08155,1,0,1,0,0,0,0,0
BVH73_RS14985,1,0,1,0,0,0,0,0
GO970_RS01005,1,0,1,0,0,0,0,0
GO948_RS17585,1,0,1,0,0,0,0,0
TOC7_RS00995,1,0,1,0,0,0,0,0
GO985_RS11045,1,0,1,0,0,0,0,0
THIX_RS05300,1,0,1,0,0,0,0,0
THI_RS03305,1,0,1,0,0,0,0,0
TINT_RS02820,1,0,1,0,0,0,0,0
BVH73_RS05240,1,0,1,0,0,0,0,0
GO970_RS13155,1,0,1,0,0,0,0,0
GO948_RS05490,1,0,1,0,0,0,0,0
TOC7_RS13215,1,0,1,0,0,0,0,0
GO985_RS17530,1,0,1,0,0,0,0,0
THIX_RS04310,1,0,1,0,0,0,0,0
THI_RS03530,1,0,1,0,0,0,0,0
TINT_RS03040,1,0,1,0,0,0,0,0
BVH73_RS04960,1,0,1,0,0,0,0,0
GO970_RS13505,1,0,1,0,0,0,0,0
GO948_RS05140,1,0,1,0,0,0,0,0
TOC7_RS13565,1,0,1,0,0,0,0,0
GO985_RS17180,1,0,1,0,0,0,0,0
THIX_RS07945,1,0,1,0,0,0,0,0
THI_RS03850,1,0,1,0,0,0,0,0
TINT_RS03320,1,0,1,0,0,0,0,0
BVH73_RS04675,1,0,1,0,0,0,0,0
GO970_RS13790,1,0,1,0,0,0,0,0
GO948_RS04855,1,0,1,0,0,0,0,0
TOC7_RS13850,1,0,1,0,0,0,0,0
GO985_RS16895,1,0,1,0,0,0,0,0
THIX_RS02395,1,0,1,0,0,0,0,0
THI_RS15200,1,0,1,0,0,0,0,0
TINT_RS13760,1,0,1,0,0,0,0,0
BVH73_RS06270,1,0,1,0,0,0,0,0
GO970_RS06860,1,0,1,0,0,0,0,0
GO948_RS11740,1,0,1,0,0,0,0,0
TOC7_RS06860,1,0,1,0,0,0,0,0
GO985_RS05210,1,0,1,0,0,0,0,0
THIX_RS02575,1,0,1,0,0,0,0,0
THI_RS06045,1,0,1,0,0,0,0,0
TINT_RS05225,1,0,1,0,0,0,0,0
BVH73_RS12925,1,0,1,0,0,0,0,0
GO970_RS03680,1,0,1,0,0,0,0,0
GO948_RS14925,0,0,1,1,1,1,1,1
TOC7_RS03655,0,0,1,1,1,1,1,1
GO985_RS08380,0,0,1,1,1,1,1,1
THIX_RS15755,0,0,1,1,1,1,1,1
THI_RS12205,0,0,1,1,1,1,1,1
TINT_RS11450,0,0,1,1,1,1,1,1
BVH73_RS11875,0,0,1,1,1,1,1,1
GO970_RS15155,0,0,1,1,1,1,1,1
GO948_RS03520,0,0,1,1,1,1,1,1
TOC7_RS15255,0,0,1,1,1,1,1,1
GO985_RS15540,0,0,1,1,1,1,1,1
THIX_RS19215,0,0,1,1,1,1,1,1
THI_RS12475,0,0,1,1,1,1,1,1
TINT_RS11720,0,0,1,1,1,1,1,1
BVH73_RS11600,0,0,1,1,1,1,1,1
GO970_RS14880,0,0,1,1,1,1,1,1
GO948_RS03795,0,0,1,1,1,1,1,1
TOC7_RS14980,0,0,1,1,1,1,1,1
GO985_RS15815,0,0,1,1,1,1,1,1
THIX_RS06195,0,0,1,1,1,1,1,1
THI_RS13940,0,0,1,1,1,1,1,1
TINT_RS13110,0,0,1,1,1,1,1,1
BVH73_RS10350,0,0,1,1,1,1,1,1
GO970_RS06235,0,0,1,1,1,1,1,1
GO948_RS12365,0,0,1,1,1,1,1,1
TOC7_RS06235,0,0,1,1,1,1,1,1
GO985_RS05835,0,0,1,1,1,1,1,1
THIX_RS20570,0,0,1,1,1,1,1,1
THI_RS14895,0,0,1,1,1,1,1,1
TINT_RS13480,0,0,1,1,1,1,1,1
BVH73_RS10090,0,0,1,1,1,1,1,1
GO970_RS06580,0,0,1,1,1,1,1,1
GO948_RS12020,0,0,0,0,1,0,1,1
TOC7_RS06580,0,0,1,0,0,0,0,1
GO985_RS05490,0,0,1,0,0,0,0,1
THIX_RS20340,0,0,1,0,0,0,0,1
THI_RS15350,0,0,1,0,0,0,0,1
TINT_RS13910,0,0,1,0,0,0,0,1
BVH73_RS06420,0,0,1,0,0,0,0,1
GO970_RS07010,0,0,1,0,0,0,0,1
GO948_RS11590,0,0,1,0,0,0,0,1
TOC7_RS07010,0,0,1,0,0,0,0,1
GO985_RS05060,0,0,1,0,0,0,0,1
THIX_RS21390,0,0,1,0,0,0,0,1
THI_RS15625,0,0,1,0,0,0,0,1
TINT_RS14185,0,0,1,0,0,0,0,1
BVH73_RS06735,0,0,1,0,0,0,0,1
GO970_RS07295,0,0,1,0,0,0,0,1
GO948_RS11305,0,0,1,0,0,0,0,1
TOC7_RS07310,0,0,1,0,0,0,0,1
GO985_RS04770,0,0,1,0,0,0,0,1
THIX_RS04695,0,0,1,0,0,0,0,1
THI_RS03820,0,0,1,0,0,0,0,1
TINT_RS03290,0,0,1,0,0,0,0,1
BVH73_RS04710,0,0,1,0,0,0,0,1
GO970_RS13755,0,0,1,0,0,0,0,1
GO948_RS04890,0,0,1,0,0,0,0,1
TOC7_RS13815,0,0,1,0,0,0,0,1
GO985_RS16930,0,0,1,0,0,0,0,1
THIX_RS02360,0,0,1,0,0,0,0,1
THI_RS09315,0,0,1,0,0,0,0,1
TINT_RS08260,0,0,1,0,0,0,0,1
BVH73_RS14130,0,0,1,0,0,0,0,1
GO970_RS00275,0,0,1,0,0,0,0,1
GO948_RS18315,0,0,1,0,0,0,0,1
TOC7_RS00260,0,0,1,0,0,0,0,1
GO985_RS11770,0,0,1,0,0,0,0,1
THIX_RS17695,0,0,1,0,0,0,0,1
THI_RS09810,0,0,1,0,0,0,0,1
TINT_RS08630,0,0,1,0,0,0,0,1
BVH73_RS13700,0,0,1,0,0,0,0,1
GO970_RS18215,0,0,1,0,0,0,0,1
GO948_RS00455,0,0,1,0,0,0,0,1
TOC7_RS18330,0,0,1,0,0,0,0,1
GO985_RS12480,0,0,1,0,0,0,0,1
THIX_RS09690,0,0,1,0,0,0,0,1
THI_RS01070,0,0,1,0,0,0,0,1
TINT_RS00965,0,0,1,0,0,0,0,1
BVH73_RS09580,0,0,1,0,0,0,0,1
GO970_RS10420,0,0,1,0,0,0,0,1
GO948_RS08215,0,0,1,0,0,0,0,1
TOC7_RS10450,0,0,1,0,0,0,0,1
GO985_RS01640,0,0,1,0,0,0,0,1
THIX_RS01925,0,0,1,0,0,0,0,1
THI_RS11705,0,0,1,0,0,0,0,1
TINT_RS11065,0,0,1,0,0,0,0,1
BVH73_RS03650,0,0,1,0,0,0,0,1
GO970_RS15545,0,0,1,0,0,0,0,1
GO948_RS03130,0,0,1,0,0,0,0,1
TOC7_RS15645,0,0,1,0,0,0,0,1
GO985_RS15150,0,0,1,0,0,0,0,1
THIX_RS19880,0,0,1,0,0,0,0,1
THI_RS12920,0,0,1,0,0,0,0,1
TINT_RS12100,0,0,1,0,0,0,0,1
BVH73_RS11240,0,0,1,0,0,0,0,1
GO970_RS14500,0,0,1,0,0,0,0,1
GO948_RS04175,0,0,1,0,0,0,0,1
TOC7_RS14600,0,0,1,0,0,0,0,1
GO985_RS16195,0,0,1,0,0,0,0,1
THIX_RS06950,0,0,1,0,0,0,0,1
THI_RS00190,0,0,1,0,0,0,0,1
TINT_RS00205,0,0,1,0,0,0,0,1
BVH73_RS08700,0,0,1,0,0,0,0,1
GO970_RS09655,0,0,1,0,0,0,0,1
GO948_RS08985,0,0,1,0,0,0,0,1
TOC7_RS09665,0,0,1,0,0,0,0,1
GO985_RS02410,0,0,1,0,0,0,0,1
THIX_RS02660,0,0,1,0,0,0,0,1
THI_RS01315,0,0,1,0,0,0,0,1
TINT_RS01225,0,0,1,0,0,0,0,1
BVH73_RS09805,0,0,1,0,0,0,0,1
GO970_RS10760,0,0,1,0,0,0,0,1
GO948_RS07875,0,0,1,0,0,0,0,1
TOC7_RS10790,0,0,1,0,0,0,0,1
GO985_RS01300,0,0,1,0,0,0,0,1
THIX_RS02680,0,0,1,0,0,0,0,1
THI_RS03030,0,0,1,0,0,0,0,1
TINT_RS02710,0,0,1,0,0,0,0,1
BVH73_RS05470,0,0,1,0,0,0,0,1
GO970_RS12990,0,0,1,0,0,0,0,1
GO948_RS05655,0,0,1,0,0,0,0,1
TOC7_RS13050,0,0,1,0,0,0,0,1
GO985_RS17695,0,0,1,0,0,0,0,1
THIX_RS20360,0,0,1,0,0,0,0,1
THI_RS11545,0,0,1,0,0,0,0,1
TINT_RS10895,0,0,1,0,0,0,0,1
BVH73_RS03450,0,0,1,0,0,0,0,1
GO970_RS15645,0,0,1,0,0,0,0,1
GO948_RS03030,0,0,0,1,1,0,0,0
TOC7_RS15745,0,0,0,1,1,0,0,0
GO985_RS15050,1,1,1,0,0,0,0,1
THIX_RS18275,1,1,1,0,0,0,0,1
THI_RS12770,1,1,1,0,0,0,0,1
TINT_RS11950,1,1,1,0,0,0,0,1
BVH73_RS11370,1,1,1,0,0,0,0,1
GO970_RS14650,1,1,1,0,0,0,0,1
GO948_RS04025,1,1,1,0,0,0,0,1
TOC7_RS14750,1,1,1,0,0,0,0,1
GO985_RS16045,1,1,1,0,0,0,0,1
THIX_RS07090,1,1,1,0,0,0,0,1
THI_RS15585,1,1,1,0,0,0,0,1
TINT_RS14145,1,1,1,0,0,0,0,1
BVH73_RS06695,1,1,1,0,0,0,0,1
GO970_RS07255,1,1,1,0,0,0,0,1
GO948_RS11345,1,1,1,0,0,0,0,1
TOC7_RS07270,1,1,1,0,0,0,0,1
GO985_RS04810,1,1,1,0,0,0,0,1
THIX_RS05580,1,1,1,0,0,0,0,1
THI_RS03120,1,1,1,0,0,0,0,1
TINT_RS10155,1,1,1,0,0,0,0,1
BVH73_RS02505,1,1,1,0,0,0,0,1
GO970_RS11810,1,1,1,0,0,0,0,1
GO948_RS06820,1,1,1,0,0,0,0,1
TOC7_RS11865,1,0,0,0,0,0,0,1
GO985_RS00250,1,0,0,0,0,0,0,1
THIX_RS22355,1,0,0,0,0,0,0,1
THI_RS03420,1,0,0,0,0,0,0,1
TINT_RS02930,1,0,0,0,0,0,0,1
BVH73_RS05080,1,0,0,0,0,0,0,1
GO970_RS13370,1,0,0,0,0,0,0,1
GO948_RS05275,1,0,0,0,0,0,0,1
TOC7_RS13430,1,0,0,0,0,0,0,1
GO985_RS17315,1,0,0,0,0,0,0,1
THIX_RS20435,1,0,0,0,0,0,0,1
THI_RS08145,1,0,0,0,0,0,0,1
TINT_RS08125,1,0,0,0,0,0,0,1
BVH73_RS15015,1,0,0,0,0,0,0,1
GO970_RS00975,1,0,0,0,0,0,0,1
GO948_RS17615,1,0,0,0,0,0,0,1
TOC7_RS00965,1,0,0,0,0,0,0,1
GO985_RS11075,1,0,0,0,0,0,0,1
THIX_RS09835,1,0,0,0,0,0,0,1
THI_RS17485,1,0,0,0,0,0,0,1
TINT_RS15865,1,0,0,0,0,0,0,1
BVH73_RS08135,1,0,0,0,0,0,0,1
GO970_RS09180,1,0,0,0,0,0,0,1
GO948_RS09435,1,0,0,0,0,0,0,1
TOC7_RS09195,1,0,0,0,0,0,0,1
GO985_RS02880,1,0,0,0,0,0,0,1
THIX_RS02135,1,0,0,0,0,0,0,1
THI_RS01900,1,0,0,0,0,0,0,1
TINT_RS01860,1,0,0,0,0,0,0,1
BVH73_RS05690,1,0,0,0,0,0,0,1
GO970_RS11450,1,0,0,0,0,0,0,1
GO948_RS07180,1,0,0,0,0,0,0,1
TOC7_RS11505,1,0,0,0,0,0,0,1
GO985_RS00610,1,0,0,0,0,0,0,1
THIX_RS04905,1,0,0,0,0,0,0,1
THI_RS04545,1,0,0,0,0,0,0,1
TINT_RS03840,1,0,0,0,0,0,0,1
BVH73_RS04175,1,0,0,0,0,0,0,1
GO970_RS05065,1,0,0,0,0,0,0,1
GO948_RS13540,1,0,0,0,0,0,0,1
TOC7_RS05040,1,0,0,0,0,0,0,1
GO985_RS06995,1,0,0,0,0,0,0,1
THIX_RS11635,1,0,0,0,0,0,0,1
THI_RS04875,1,0,0,0,0,0,0,1
TINT_RS04160,1,0,0,0,0,0,0,1
BVH73_RS03850,1,0,0,0,0,0,0,1
GO970_RS04760,1,0,0,0,0,0,0,1
GO948_RS13845,1,0,0,0,0,0,0,1
TOC7_RS04735,1,0,0,0,0,0,0,1
GO985_RS07300,1,0,0,0,0,0,0,1
THIX_RS20155,1,0,0,0,0,0,0,1
THI_RS05210,1,0,0,0,0,0,0,1
TINT_RS04480,1,0,0,0,0,0,0,1
BVH73_RS12435,1,0,0,0,0,0,0,1
GO970_RS04425,1,0,0,0,0,0,0,1
GO948_RS14180,1,0,0,0,0,0,0,1
TOC7_RS04400,1,0,0,0,0,0,0,1
GO985_RS07635,1,0,0,0,0,0,0,1
THIX_RS05355,1,0,0,0,0,0,0,1
THI_RS06905,1,0,0,0,0,0,0,1
TINT_RS05950,1,0,0,0,0,0,0,1
BVH73_RS00545,1,0,0,0,0,0,0,1
GO970_RS02120,1,0,0,0,0,0,0,1
GO948_RS16470,1,0,0,0,0,0,0,1
TOC7_RS02110,1,0,0,0,0,0,0,1
GO985_RS09930,1,0,0,0,0,0,0,1
THIX_RS00725,1,0,0,0,0,0,0,1
THI_RS06935,1,0,0,0,0,0,0,1
TINT_RS05980,1,0,0,0,0,0,0,1
BVH73_RS00515,1,0,0,0,0,0,0,1
GO970_RS02090,1,0,0,0,0,0,0,1
GO948_RS16500,1,0,0,1,1,1,1,0
TOC7_RS02080,1,0,0,1,1,1,1,0
GO985_RS09960,1,0,0,1,1,1,1,0
THIX_RS00695,1,0,0,1,1,1,1,0
THI_RS09780,1,0,0,1,1,1,1,0
TINT_RS08600,1,0,0,1,1,1,1,0
BVH73_RS13730,1,0,0,1,1,1,1,0
GO970_RS18245,1,0,0,1,1,1,1,0
GO948_RS00425,1,0,0,1,1,1,1,0
TOC7_RS18360,1,0,0,1,1,1,1,0
GO985_RS12450,1,0,0,1,1,1,1,0
THIX_RS09720,1,0,0,1,1,1,1,0
THI_RS03825,1,0,0,1,1,1,1,0
TINT_RS03295,1,0,0,1,1,1,1,0
BVH73_RS04705,1,0,0,1,1,1,1,0
GO970_RS13760,1,0,0,1,1,1,1,0
GO948_RS04885,1,0,0,1,1,1,1,0
TOC7_RS13820,1,0,0,1,1,1,1,0
GO985_RS16925,1,0,0,1,1,1,1,0
THIX_RS02365,1,0,0,1,1,1,1,0
THI_RS04375,1,0,0,1,1,1,1,0
TINT_RS03685,1,0,0,1,1,1,1,0
BVH73_RS04345,1,0,0,1,1,1,1,0
GO970_RS05215,1,0,0,1,1,1,1,0
GO948_RS13390,1,0,0,1,1,1,1,0
TOC7_RS05190,1,0,0,1,1,1,1,0
GO985_RS06845,1,0,0,1,1,1,1,0
THIX_RS08110,1,0,0,1,1,1,1,0
THI_RS05890,1,0,0,1,1,1,1,0
TINT_RS05165,1,0,0,1,1,1,1,0
BVH73_RS13265,1,0,0,1,1,1,1,0
GO970_RS03740,1,0,0,1,1,1,1,0
GO948_RS14865,1,0,0,1,1,1,1,0
TOC7_RS03715,1,0,0,1,1,1,1,0
GO985_RS08320,1,0,0,1,1,1,1,0
THIX_RS13300,1,0,0,1,1,1,1,0
THI_RS15500,1,0,0,1,1,1,1,0
TINT_RS14060,1,0,0,1,1,1,1,0
BVH73_RS06590,1,0,0,1,1,1,1,0
GO970_RS07170,1,0,0,1,1,1,1,0
GO948_RS11430,1,0,0,1,1,1,1,0
TOC7_RS07185,1,0,0,1,1,1,1,0
GO985_RS04895,1,0,0,1,1,1,1,0
THIX_RS02490,1,0,0,1,1,1,1,0
THI_RS11430,1,0,0,1,1,1,1,0
TINT_RS10780,1,0,0,1,1,1,1,0
BVH73_RS03350,1,0,0,1,1,1,1,0
GO970_RS15765,1,0,0,1,1,1,1,0
GO948_RS02910,1,0,0,1,1,1,1,0
TOC7_RS15865,1,0,0,1,1,1,1,0
GO985_RS14930,1,0,0,1,1,1,1,0
THIX_RS16320,1,0,0,1,1,1,1,0
THI_RS15035,1,0,0,1,1,1,1,0
TINT_RS13595,1,0,0,1,1,1,1,0
BVH73_RS09940,1,0,0,1,1,1,1,0
GO970_RS06695,1,0,0,1,1,1,1,0
GO948_RS11905,1,0,0,1,1,1,1,0
TOC7_RS06695,1,0,0,1,1,1,1,0
GO985_RS05375,1,0,0,1,1,1,1,0
THIX_RS04170,1,0,0,1,1,1,1,0
THI_RS15590,1,0,0,1,1,1,1,0
TINT_RS14150,1,0,0,1,1,1,1,0
BVH73_RS06700,1,0,0,1,1,1,1,0
GO970_RS07260,1,0,0,1,1,1,1,0
GO948_RS11340,1,0,0,1,1,1,1,0
TOC7_RS07275,1,0,0,1,1,1,1,0
GO985_RS04805,1,0,0,1,1,1,1,0
THIX_RS05585,1,0,0,1,1,1,1,0
THI_RS15950,1,0,0,1,1,1,1,0
TINT_RS14495,1,0,0,1,1,1,1,0
BVH73_RS07065,1,0,0,1,1,1,1,0
GO970_RS07605,1,0,0,1,1,1,1,0
GO948_RS10995,1,0,0,1,1,1,1,0
TOC7_RS07625,1,0,0,1,1,1,1,0
GO985_RS04460,1,0,0,1,1,1,1,0
THIX_RS21420,1,0,0,1,1,1,1,0
THI_RS07495,1,0,0,1,1,1,1,0
TINT_RS06590,1,0,0,1,1,1,1,0
BVH73_RS14545,1,0,0,1,1,1,1,0
GO970_RS01465,1,0,0,1,1,1,1,0
GO948_RS17125,1,0,0,1,1,1,1,0
TOC7_RS01455,1,0,0,1,1,1,1,0
GO985_RS10585,1,0,0,1,1,1,1,0
THIX_RS06495,1,0,0,1,1,1,1,0
THI_RS11790,1,0,0,1,1,1,1,0
TINT_RS11135,1,0,0,1,1,1,1,0
BVH73_RS12275,1,0,0,1,1,1,1,0
GO970_RS15465,1,0,0,1,1,1,1,0
GO948_RS03210,1,0,0,1,1,1,1,0
TOC7_RS15565,1,0,0,1,1,1,1,0
GO985_RS15230,1,0,1,0,0,0,0,1
THIX_RS19800,1,0,1,0,0,0,0,1
THI_RS11825,1,0,1,0,0,0,0,1
TINT_RS11170,1,0,1,0,0,0,0,1
BVH73_RS12245,1,0,1,0,0,0,0,1
GO970_RS15435,1,0,1,0,0,0,0,1
GO948_RS03240,1,0,1,0,0,0,0,1
TOC7_RS15535,1,0,1,0,0,0,0,1
GO985_RS15260,1,0,1,0,0,0,0,1
THIX_RS19835,1,0,1,0,0,0,0,1
THI_RS12055,1,0,1,0,0,0,0,1
TINT_RS11300,1,0,1,0,0,0,0,1
BVH73_RS12020,1,0,1,0,0,0,0,1
GO970_RS15305,1,0,1,0,0,0,0,1
GO948_RS03370,1,0,1,0,0,0,0,1
TOC7_RS15405,1,0,1,0,0,0,0,1
GO985_RS15390,1,0,1,0,0,0,0,1
THIX_RS09975,1,0,1,0,0,0,0,1
THI_RS09525,1,0,1,0,0,0,0,1
TINT_RS08350,1,0,1,0,0,0,0,1
BVH73_RS13990,1,0,1,0,0,0,0,1
GO970_RS18500,1,0,1,0,0,0,0,1
GO948_RS00170,1,0,1,0,0,0,0,1
TOC7_RS18615,1,0,1,0,0,0,0,1
GO985_RS12195,1,0,1,0,0,0,0,1
THIX_RS09575,1,0,1,0,0,0,0,1
THI_RS14955,1,0,1,0,0,0,0,1
TINT_RS13540,1,0,1,0,0,0,0,1
BVH73_RS10030,1,0,1,0,0,0,0,1
GO970_RS06640,1,0,1,0,0,0,0,1
GO948_RS11960,1,0,1,0,0,0,0,1
TOC7_RS06640,1,0,1,0,0,0,0,1
GO985_RS05430,1,0,1,0,0,0,0,1
THIX_RS01905,1,0,1,0,0,0,0,1
THI_RS15325,0,1,0,0,0,1,0,0
TINT_RS13885,1,0,1,0,0,1,1,0
BVH73_RS06395,1,1,1,0,1,1,1,1
GO970_RS06985,0,0,1,1,1,1,0,0
GO948_RS11615,0,0,0,1,1,0,1,0
TOC7_RS06985,0,0,0,1,1,0,1,0
GO985_RS05085,0,0,0,0,0,1,1,0
THIX_RS21365,0,0,0,0,0,1,1,0
THI_RS17610,0,0,0,0,1,1,0,1
TINT_RS16005,0,0,0,0,1,1,0,1
BVH73_RS08230,0,0,0,0,1,1,0,1
GO970_RS09290,0,0,0,0,1,1,0,1
GO948_RS09325,0,0,0,0,1,1,0,1
TOC7_RS09305,0,0,0,0,1,1,0,1
GO985_RS02770,0,0,0,0,1,1,0,1
THIX_RS02035,0,0,0,0,1,1,0,1
THI_RS15925,0,0,0,0,1,1,0,1
TINT_RS14470,0,0,0,0,1,1,0,1
BVH73_RS07040,0,0,0,0,1,1,0,1
GO970_RS07580,0,0,0,0,1,1,0,1
GO948_RS11020,0,0,0,0,1,1,0,1
TOC7_RS07600,0,0,0,0,1,1,0,1
GO985_RS04485,0,0,0,0,1,1,0,1
THIX_RS20780,0,0,0,0,1,1,0,1
THI_RS03835,0,0,0,0,1,1,0,1
TINT_RS03305,0,0,0,0,1,1,0,1
BVH73_RS04690,0,0,0,0,1,1,0,1
GO970_RS13775,0,0,0,0,1,1,0,1
GO948_RS04870,0,0,0,0,1,1,0,1
TOC7_RS13835,0,0,0,0,1,1,0,1
GO985_RS16910,0,0,0,0,1,1,0,1
THIX_RS02380,0,0,0,0,1,1,0,1
THI_RS08180,0,1,0,0,1,1,0,1
TINT_RS08090,0,1,0,0,1,1,0,1
BVH73_RS15055,0,1,0,0,1,1,0,1
GO970_RS00940,1,0,0,0,0,1,0,0
GO948_RS17650,1,0,0,0,1,1,0,1
TOC7_RS00930,1,0,0,0,1,1,0,1
GO985_RS11110,1,1,1,0,1,1,1,0
THIX_RS17920,0,1,0,0,0,0,0,1
THI_RS08325,0,1,0,0,0,0,0,1
TINT_RS07145,0,1,0,0,0,0,0,1
BVH73_RS15155,0,1,0,0,0,0,0,1
GO970_RS00810,0,1,0,0,0,0,0,1
GO948_RS17780,0,1,0,0,0,0,0,1
TOC7_RS00800,0,1,0,0,0,0,0,1
GO985_RS11240,0,1,0,0,0,0,0,1
THIX_RS03240,0,1,0,0,0,0,0,1
THI_RS00790,0,1,0,0,0,0,0,1
TINT_RS00765,0,1,0,0,0,0,0,1
BVH73_RS09335,0,1,0,0,0,0,0,1
GO970_RS10140,0,1,0,0,0,0,0,1
GO948_RS08500,0,1,0,0,0,0,0,1
TOC7_RS10165,0,1,0,0,0,0,0,1
GO985_RS01925,0,1,0,0,0,0,0,1
THIX_RS15355,0,1,0,0,0,0,0,1
THI_RS07475,0,1,0,0,0,0,0,1
TINT_RS06570,0,1,0,0,0,0,0,1
BVH73_RS14525,0,1,0,0,0,0,0,1
GO970_RS01485,0,1,0,0,0,0,0,1
GO948_RS17105,0,1,0,0,0,0,0,1
TOC7_RS01475,0,1,0,0,0,0,0,1
GO985_RS10565,0,1,0,0,0,0,0,1
THIX_RS06475,0,1,0,0,0,0,0,1
THI_RS13335,0,1,0,0,0,0,0,1
TINT_RS12510,0,1,0,0,0,0,0,1
BVH73_RS10950,0,1,0,0,0,0,0,1
GO970_RS05630,0,1,0,0,0,0,0,1
GO948_RS12970,0,1,0,0,0,0,0,1
TOC7_RS05630,0,1,0,0,0,0,0,1
GO985_RS06440,0,1,0,0,0,0,0,1
THIX_RS02600,0,1,0,0,0,0,0,1
THI_RS05405,0,1,0,0,0,0,0,1
TINT_RS04665,0,1,0,0,0,0,0,1
BVH73_RS12635,0,1,0,0,0,0,0,1
GO970_RS04230,0,1,0,0,0,0,0,1
GO948_RS14375,0,1,0,0,0,0,0,1
TOC7_RS04205,0,1,0,0,0,0,0,1
GO985_RS07830,0,1,0,0,0,0,0,1
THIX_RS06910,0,1,0,0,0,0,0,1
THI_RS11075,0,1,0,0,0,0,0,1
TINT_RS10425,0,1,0,0,0,0,0,1
BVH73_RS02175,0,1,0,0,0,0,0,1
GO970_RS16155,0,1,0,0,0,0,0,1
GO948_RS02520,0,1,0,0,0,0,0,1
TOC7_RS16255,0,1,0,0,0,0,0,1
GO985_RS14540,0,1,0,0,0,0,0,1
THIX_RS18690,0,1,0,0,0,0,0,1
THI_RS15210,0,1,0,0,0,0,0,1
TINT_RS13770,0,1,0,0,0,0,0,1
BVH73_RS06280,0,1,0,0,0,0,0,1
GO970_RS06870,0,1,0,0,0,0,0,1
GO948_RS11730,0,1,0,0,0,0,0,1
TOC7_RS06870,0,1,0,0,0,0,0,1
GO985_RS05200,0,1,0,0,0,0,0,1
THIX_RS02565,0,1,0,0,0,0,0,1
THI_RS01275,0,1,0,0,0,0,0,1
TINT_RS01185,0,1,0,0,0,0,0,1
BVH73_RS09715,0,1,0,1,0,1,1,0
GO970_RS10630,1,1,0,1,0,1,1,1
GO948_RS08005,0,1,1,0,0,0,0,0
TOC7_RS10660,0,1,1,0,0,0,0,0
GO985_RS01430,0,1,1,0,0,0,0,0
THIX_RS03420,0,1,1,0,0,0,0,0
THI_RS13655,0,1,1,0,0,0,0,0
TINT_RS12825,0,1,1,0,0,0,0,0
BVH73_RS10665,0,1,1,0,0,0,0,0
GO970_RS05940,0,1,1,0,0,0,0,0
GO948_RS12660,0,1,1,0,0,0,0,0
TOC7_RS05940,0,0,1,1,1,1,1,0
GO985_RS06130,0,0,1,1,1,1,1,0
THIX_RS03780,0,0,1,1,1,1,1,0
THI_RS15275,0,0,1,1,1,1,1,0
TINT_RS13835,0,0,1,1,1,1,1,0
BVH73_RS06345,0,0,1,1,1,1,1,0
GO970_RS06935,0,0,1,1,1,1,1,0
GO948_RS11665,0,0,1,1,1,1,1,0
TOC7_RS06935,0,0,1,1,1,1,1,0
GO985_RS05135,0,0,1,1,1,1,1,0
THIX_RS07870,0,0,1,1,1,1,1,0
THI_RS05015,0,0,1,1,1,1,1,0
TINT_RS04285,0,0,1,1,1,1,1,0
BVH73_RS03765,0,0,1,1,1,1,1,0
GO970_RS04635,0,0,1,1,1,1,1,0
GO948_RS13970,0,0,1,1,1,1,1,0
TOC7_RS04610,0,0,1,1,1,1,1,0
GO985_RS07425,0,0,1,1,1,1,1,0
THIX_RS20040,0,0,1,1,1,1,1,0
THI_RS07485,0,0,1,1,1,1,1,0
TINT_RS06580,0,0,1,1,1,1,1,0
BVH73_RS14535,0,0,1,1,1,1,1,0
GO970_RS01475,0,0,1,1,1,1,1,0
GO948_RS17115,0,0,1,1,1,1,1,0
TOC7_RS01465,0,0,1,1,1,1,1,0
GO985_RS10575,0,0,1,1,1,1,1,0
THIX_RS06485,0,0,1,1,1,1,1,0
THI_RS13815,0,0,1,1,1,1,1,0
TINT_RS12985,0,0,1,1,1,1,1,0
BVH73_RS10500,0,0,1,1,1,1,1,0
GO970_RS06105,0,0,1,1,1,1,1,0
GO948_RS12495,0,0,0,1,0,0,1,1
TOC7_RS06105,0,0,0,1,0,0,1,1
GO985_RS05965,0,0,1,0,1,0,1,0
THIX_RS04615,0,0,0,0,0,1,0,0
THI_RS15810,0,0,0,0,0,1,0,0
TINT_RS14355,0,0,0,0,0,1,0,0
BVH73_RS06925,0,0,0,0,0,1,0,0
GO970_RS07465,0,0,0,0,0,1,0,0
GO948_RS11135,0,0,0,0,0,1,0,0
TOC7_RS07480,0,0,0,0,0,1,0,0
GO985_RS04600,0,0,0,0,0,1,0,0
THIX_RS20605,0,0,0,0,0,1,0,0
THI_RS01920,0,0,0,0,0,1,0,0
TINT_RS01880,0,0,0,0,0,1,0,0
BVH73_RS05670,0,0,0,0,0,1,0,0
GO970_RS11470,0,0,0,0,0,1,0,0
GO948_RS07160,0,0,0,0,0,1,0,0
TOC7_RS11525,0,0,0,0,0,1,0,0
GO985_RS00590,0,0,0,0,0,1,0,0
THIX_RS04925,0,0,0,0,0,1,0,0
THI_RS03935,0,0,0,1,0,0,0,0
TINT_RS03405,0,0,0,1,0,0,0,0
BVH73_RS04610,0,0,0,1,0,0,0,0
GO970_RS13890,0,0,0,1,0,0,0,0
GO948_RS04755,0,0,0,1,0,0,0,0
TOC7_RS13950,0,0,0,1,0,0,0,0
GO985_RS16795,0,0,0,1,0,0,0,0
THIX_RS18780,0,0,0,1,0,0,0,0
THI_RS05485,0,0,0,1,0,0,0,0
TINT_RS04745,0,0,0,1,0,0,0,0
BVH73_RS12715,0,0,0,1,0,0,0,0
GO970_RS04160,0,0,0,1,0,0,0,0
GO948_RS14445,0,0,0,1,0,0,0,0
TOC7_RS04135,0,0,0,1,0,0,0,0
GO985_RS07900,0,0,0,1,0,0,0,0
THIX_RS18550,0,0,0,1,0,0,0,0
THI_RS17050,0,0,0,1,0,0,0,0
TINT_RS15535,0,0,0,1,0,0,0,0
BVH73_RS07710,0,0,0,1,0,0,0,0
GO970_RS08890,0,0,0,1,0,0,0,0
GO948_RS09725,0,0,0,1,0,0,0,0
TOC7_RS08905,0,0,0,1,0,0,0,0
GO985_RS03170,0,0,0,1,0,0,0,0
THIX_RS21215,0,0,0,1,0,0,0,0
THI_RS00740,0,0,0,1,0,0,0,0
TINT_RS00715,0,0,0,1,0,0,0,0
BVH73_RS09290,0,0,0,1,0,0,0,0
GO970_RS10085,0,0,0,1,0,0,0,0
GO948_RS08555,0,0,0,1,0,0,0,0
TOC7_RS10095,0,0,0,1,0,0,0,0
GO985_RS01980,0,0,0,1,0,0,0,0
THIX_RS02715,0,0,0,1,0,0,0,0
THI_RS05915,0,0,0,1,0,0,0,0
TINT_RS05190,0,0,0,1,0,0,0,0
BVH73_RS13290,0,0,0,1,0,0,0,0
GO970_RS03715,0,0,0,1,0,0,0,0
GO948_RS14890,0,0,0,1,0,0,0,0
TOC7_RS03690,0,0,0,1,0,0,0,0
GO985_RS08345,0,0,0,1,0,0,0,0
THIX_RS15350,0,0,0,1,0,0,0,0
THI_RS09655,0,0,0,1,0,0,0,0
TINT_RS08480,0,0,0,1,0,0,0,0
BVH73_RS13870,0,0,0,1,0,0,0,0
GO970_RS18365,0,0,0,1,0,0,0,0
GO948_RS00305,0,0,0,1,0,0,0,0
TOC7_RS18480,0,0,0,1,0,0,0,0
GO985_RS12330,0,0,0,1,0,0,0,0
THIX_RS11840,0,0,0,1,0,0,0,0
THI_RS11295,0,0,0,1,0,0,0,0
TINT_RS10645,0,0,0,1,0,0,0,0
BVH73_RS02395,0,0,0,1,0,0,0,0
GO970_RS15925,0,0,0,1,0,0,0,0
GO948_RS02750,0,0,0,1,0,0,0,0
TOC7_RS16025,0,0,0,1,0,0,0,0
GO985_RS14770,0,0,0,1,0,0,0,0
THIX_RS17430,0,0,0,1,0,0,0,0
THI_RS12720,0,0,0,1,0,0,0,0
TINT_RS11900,0,0,0,1,0,0,0,0
BVH73_RS11420,0,0,0,1,0,0,0,0
GO970_RS14700,0,0,0,1,0,0,0,0
GO948_RS03975,0,0,0,1,0,0,0,0
TOC7_RS14800,0,0,0,1,0,0,0,0
GO985_RS15995,0,0,0,1,0,0,0,0
THIX_RS07140,0,0,0,1,0,0,0,0
THI_RS00840,0,0,0,1,0,0,0,0
TINT_RS00815,0,0,0,1,0,0,0,0
BVH73_RS09415,0,0,0,1,0,0,0,0
GO970_RS10200,0,0,0,1,0,0,0,0
GO948_RS08440,0,0,0,1,0,0,0,0
TOC7_RS10225,0,0,0,1,0,0,0,0
GO985_RS01865,0,0,0,1,0,0,0,0
THIX_RS02895,0,0,0,1,0,0,0,0
THI_RS01415,0,0,0,1,0,0,0,0
TINT_RS01355,0,0,0,1,0,0,0,0
BVH73_RS06030,0,0,0,1,0,0,0,0
GO970_RS10870,0,0,0,1,0,0,0,0
GO948_RS07765,0,0,0,1,0,0,0,0
TOC7_RS10900,0,0,0,1,0,0,0,0
GO985_RS01190,0,0,0,1,0,0,0,0
THIX_RS17865,0,0,0,1,0,0,0,0
THI_RS01995,0,0,0,1,0,0,0,0
TINT_RS02030,0,0,0,1,0,0,0,0
BVH73_RS03285,0,0,0,1,0,0,0,0
GO970_RS11545,0,0,0,1,0,0,0,0
GO948_RS07085,0,0,0,1,0,0,0,0
TOC7_RS11600,0,0,0,1,0,0,0,0
GO985_RS00515,0,0,0,1,0,0,0,0
THIX_RS08515,0,0,0,1,0,0,0,0
THI_RS17175,0,0,0,1,0,0,0,0
TINT_RS15625,0,0,0,1,0,0,0,0
BVH73_RS07805,0,0,0,1,0,0,0,0
GO970_RS08980,0,0,0,1,0,0,0,0
GO948_RS09635,0,0,0,1,0,0,0,0
TOC7_RS08995,0,0,0,1,0,0,0,0
GO985_RS03080,0,0,0,1,0,0,0,0
THIX_RS21305,0,0,0,1,0,0,0,0
THI_RS17200,0,0,0,1,0,0,0,0
TINT_RS15650,0,0,0,1,0,0,0,0
BVH73_RS07830,0,0,0,1,0,0,0,0
GO970_RS09005,0,0,0,1,0,0,0,0
GO948_RS09610,0,0,0,1,0,0,0,0
TOC7_RS09020,0,0,0,1,0,0,0,0
GO985_RS03055,0,0,0,1,0,0,0,0
THIX_RS02880,0,0,0,1,0,0,0,0
THI_RS01775,0,0,0,1,0,0,0,0
TINT_RS01735,0,0,0,1,0,0,0,0
BVH73_RS05820,0,0,0,1,0,0,0,0
GO970_RS11315,0,0,0,1,0,0,0,0
GO948_RS07315,0,0,0,1,0,0,0,0
TOC7_RS11370,0,0,0,1,0,0,0,0
GO985_RS00745,0,0,0,1,0,0,0,0
THIX_RS04715,0,0,0,1,0,0,0,0
THI_RS13340,0,0,0,1,0,0,0,0
TINT_RS12515,0,0,0,1,0,0,0,0
BVH73_RS10945,0,0,0,1,0,0,0,0
GO970_RS05635,0,0,0,1,0,0,0,0
GO948_RS12965,0,0,0,1,0,0,0,0
TOC7_RS05635,0,0,0,1,0,0,0,0
GO985_RS06435,0,0,0,1,0,0,0,0
THIX_RS02605,0,0,0,1,0,0,0,0
THI_RS16285,0,0,0,1,0,0,0,0
TINT_RS14925,0,0,0,1,0,0,0,0
BVH73_RS07300,0,0,0,1,0,0,0,0
GO970_RS07880,0,0,0,1,0,0,0,0
GO948_RS10720,0,0,0,1,0,0,0,0
TOC7_RS07900,0,0,0,1,0,0,0,0
GO985_RS04185,0,0,0,1,0,0,0,0
THIX_RS03085,0,0,0,1,0,0,0,0
THI_RS06085,0,0,0,1,0,0,0,0
TINT_RS05265,0,0,0,1,0,0,0,0
BVH73_RS12965,0,0,0,1,0,0,0,0
GO970_RS03640,0,0,0,1,0,0,0,0
GO948_RS14965,0,0,0,1,0,0,0,0
TOC7_RS03615,0,0,0,1,0,0,0,0
GO985_RS08420,0,0,0,1,0,0,0,0
THIX_RS09475,0,0,0,1,0,0,0,0
THI_RS17120,0,0,0,1,0,0,0,0
TINT_RS15570,0,0,0,1,0,0,0,0
BVH73_RS07750,0,0,0,1,0,0,0,0
GO970_RS08925,0,0,0,1,0,0,0,0
GO948_RS09690,0,0,0,1,0,0,0,0
TOC7_RS08940,0,0,0,1,0,0,0,0
GO985_RS03135,0,0,0,1,0,0,0,0
THIX_RS21250,0,0,0,1,0,0,0,0
THI_RS17475,0,0,0,1,0,0,0,0
TINT_RS15855,0,0,0,1,0,0,0,0
BVH73_RS08125,0,0,0,1,0,0,0,0
GO970_RS09170,0,0,0,1,0,0,0,0
GO948_RS09445,0,0,0,1,0,0,0,0
TOC7_RS09185,0,0,0,1,0,0,0,0
GO985_RS02890,0,0,0,1,0,0,0,0
THIX_RS02140,0,0,0,1,0,0,0,0
THI_RS01915,0,0,0,1,0,0,0,0
TINT_RS01875,0,0,0,1,0,0,0,0
BVH73_RS05675,0,0,0,1,0,0,0,0
GO970_RS11465,0,0,0,1,0,0,0,0
GO948_RS07165,0,0,0,1,0,0,0,0
TOC7_RS11520,0,0,0,1,0,0,0,0
GO985_RS00595,0,0,0,1,0,0,0,0
THIX_RS04920,0,0,0,1,0,0,0,0
THI_RS05895,0,0,0,1,0,0,0,0
TINT_RS05170,0,0,0,1,0,0,0,0
BVH73_RS13270,0,0,0,1,0,0,0,0
GO970_RS03735,0,0,0,1,0,0,0,0
GO948_RS14870,0,0,0,1,0,0,0,0
TOC7_RS03710,0,0,0,1,0,0,0,0
GO985_RS08325,0,0,0,1,0,0,0,0
THIX_RS13305,0,0,0,1,0,0,0,0
THI_RS09505,0,0,0,1,0,0,0,0
TINT_RS08330,0,0,0,1,0,0,0,0
BVH73_RS14010,0,0,0,1,0,0,0,0
GO970_RS18520,0,0,0,1,0,0,0,0
GO948_RS00150,0,0,0,1,0,0,0,0
TOC7_RS18635,0,0,0,1,0,0,0,0
GO985_RS12175,0,0,0,1,0,0,0,0
THIX_RS09595,0,0,0,1,0,0,0,0
THI_RS13440,0,0,0,1,0,0,0,0
TINT_RS12610,0,0,0,1,0,0,0,0
BVH73_RS10860,0,0,0,1,0,0,0,0
GO970_RS05730,0,0,0,1,0,0,0,0
GO948_RS12870,0,0,0,1,0,0,0,0
TOC7_RS05730,0,0,0,1,0,0,0,0
GO985_RS06340,0,0,0,1,0,0,0,0
THIX_RS19705,0,0,0,1,0,0,0,0
THI_RS15955,0,0,0,1,0,0,0,0
TINT_RS14500,0,0,0,1,0,0,0,0
BVH73_RS07070,0,0,0,1,0,0,0,0
GO970_RS07610,0,0,0,1,0,0,0,0
GO948_RS10990,0,0,0,1,0,0,0,0
TOC7_RS07630,0,0,0,1,0,0,0,0
GO985_RS04455,0,0,0,1,0,0,0,0
THIX_RS21425,0,0,0,1,0,0,0,0
THI_RS09180,0,0,0,1,0,0,0,0
TINT_RS05060,0,0,0,1,0,0,0,0
BVH73_RS03525,0,0,0,1,0,0,0,0
GO970_RS19015,0,0,0,1,0,0,0,0
GO948_RS01625,0,0,0,1,0,0,0,0
TOC7_RS17160,0,0,0,1,0,0,0,0
GO985_RS13650,0,0,0,1,0,0,0,0
THIX_RS00395,0,0,0,1,0,0,0,0
THI_RS12280,0,0,0,1,0,0,0,0
TINT_RS11525,0,0,0,1,0,0,0,0
BVH73_RS11795,0,0,0,1,0,0,0,0
GO970_RS15075,0,0,0,1,0,0,0,0
GO948_RS03600,0,0,0,1,0,0,0,0
TOC7_RS15175,0,0,0,1,0,0,0,0
GO985_RS15620,0,0,0,1,0,0,0,0
THIX_RS06375,0,0,0,1,0,0,0,0
THI_RS00395,0,0,0,1,0,0,0,0
TINT_RS00365,0,0,0,1,0,0,0,0
BVH73_RS08905,0,0,0,1,0,0,0,0
GO970_RS09810,0,0,0,1,0,0,0,0
GO948_RS08830,0,0,0,1,0,0,0,0
TOC7_RS09820,0,0,0,1,0,0,0,0
GO985_RS02255,0,0,0,1,0,0,0,0
THIX_RS00545,0,0,0,1,0,0,0,0
THI_RS01885,0,0,0,1,0,0,0,0
TINT_RS01845,0,0,0,1,0,0,0,0
BVH73_RS05705,0,0,0,1,0,0,0,0
GO970_RS11435,0,0,0,1,0,0,0,0
GO948_RS07195,0,0,0,1,0,0,0,0
TOC7_RS11490,0,0,0,1,0,0,0,0
GO985_RS00625,0,0,0,1,0,0,0,0
THIX_RS04890,0,0,0,1,0,0,0,0
THI_RS01055,0,0,0,1,0,0,0,0
TINT_RS00950,0,0,0,1,0,0,0,0
BVH73_RS09565,0,0,0,0,0,0,0,1
GO970_RS10405,0,0,0,0,0,0,0,1
GO948_RS08230,0,0,0,0,0,0,0,1
TOC7_RS10435,0,0,0,0,0,0,0,1
GO985_RS01655,0,0,0,0,0,0,0,1
THIX_RS03100,0,0,0,0,0,0,0,1
THI_RS08170,0,0,0,0,0,0,0,1
TINT_RS08100,0,0,0,0,0,0,0,1
BVH73_RS15045,0,0,0,0,0,0,0,1
GO970_RS00950,0,0,0,0,0,0,0,1
GO948_RS17640,0,0,0,0,0,0,0,1
TOC7_RS00940,0,0,0,0,0,0,0,1
GO985_RS11100,0,0,0,0,0,0,0,1
THIX_RS09860,0,0,0,0,0,0,0,1
THI_RS11785,0,0,0,0,0,0,0,1
TINT_RS11130,0,0,0,0,0,0,0,1
BVH73_RS12280,0,0,0,0,0,0,0,1
GO970_RS15470,0,0,0,0,0,0,0,1
GO948_RS03205,0,0,0,0,0,0,0,1
TOC7_RS15570,0,0,0,0,0,0,0,1
GO985_RS15225,0,0,0,0,0,0,0,1
THIX_RS19795,0,0,0,0,0,0,0,1
THI_RS01810,0,0,0,0,0,0,0,1
TINT_RS01770,0,0,0,0,0,0,0,1
BVH73_RS05785,0,0,0,0,0,0,0,1
GO970_RS11350,0,0,0,0,0,0,0,1
GO948_RS07280,0,0,0,0,0,0,0,1
TOC7_RS11405,0,0,0,0,0,0,0,1
GO985_RS00710,0,0,0,0,0,0,0,1
THIX_RS04750,0,0,0,0,0,0,0,1
THI_RS04675,0,0,0,0,0,0,0,1
TINT_RS03960,0,0,0,0,0,0,0,1
BVH73_RS04035,0,0,0,0,0,0,0,1
GO970_RS04965,0,0,0,0,0,0,0,1
GO948_RS13640,0,0,0,0,0,0,0,1
TOC7_RS04940,0,0,0,0,0,0,0,1
GO985_RS07095,0,0,0,0,0,0,0,1
THIX_RS20315,0,0,0,0,0,0,0,1
THI_RS18550,0,0,0,0,0,0,0,1
TINT_RS16785,0,0,0,0,0,0,0,1
BVH73_RS10380,0,0,0,0,0,0,0,1
GO970_RS06205,0,0,0,0,0,0,0,1
GO948_RS12395,0,0,0,0,0,0,0,1
TOC7_RS06205,0,0,0,0,0,0,0,1
GO985_RS05865,0,0,0,0,0,0,0,1
THIX_RS20540,0,0,0,0,0,0,0,1
THI_RS17285,0,0,0,0,0,0,0,1
TINT_RS15735,0,0,0,0,0,0,0,1
BVH73_RS07925,0,0,0,0,0,0,0,1
GO970_RS09090,0,0,0,0,0,0,0,1
GO948_RS09525,0,0,0,0,0,0,0,1
TOC7_RS09105,0,0,0,0,0,0,0,1
GO985_RS02970,0,0,0,0,0,0,0,1
THIX_RS03310,0,0,0,0,0,0,0,1
THI_RS04000,0,0,0,0,0,0,0,1
TINT_RS03465,0,0,0,0,0,0,0,1
BVH73_RS04550,0,0,0,0,0,0,0,1
GO970_RS13950,0,0,0,0,0,0,0,1
GO948_RS04695,0,0,0,0,0,0,0,1
TOC7_RS14010,0,0,0,0,0,0,0,1
GO985_RS16735,0,0,0,0,0,0,0,1
THIX_RS13885,0,0,0,0,0,0,0,1
THI_RS05280,0,0,0,0,0,0,0,1
TINT_RS04545,0,0,0,0,0,0,0,1
BVH73_RS12510,0,0,0,0,0,0,0,1
GO970_RS04360,0,0,0,0,0,0,0,1
GO948_RS14245,0,0,0,0,0,0,0,1
TOC7_RS04335,0,0,0,0,0,0,0,1
GO985_RS07700,0,0,0,0,0,0,0,1
THIX_RS07430,0,0,0,0,0,0,0,1
THI_RS06510,0,0,0,0,0,0,0,1
TINT_RS05675,0,0,0,0,0,0,0,1
BVH73_RS00910,0,0,0,0,0,0,0,1
GO970_RS02405,0,0,0,0,0,0,0,1
GO948_RS16180,0,0,0,0,0,0,0,1
TOC7_RS02400,0,0,0,0,0,0,0,1
GO985_RS09640,0,0,0,0,0,0,0,1
THIX_RS08305,0,0,0,0,0,0,0,1
THI_RS08125,0,0,0,0,0,0,0,1
TINT_RS08145,0,0,0,0,0,0,0,1
BVH73_RS14995,0,0,0,0,0,0,0,1
GO970_RS00995,0,0,0,0,0,0,0,1
GO948_RS17595,0,0,0,0,0,0,0,1
TOC7_RS00985,0,0,0,0,0,0,0,1
GO985_RS11055,0,0,0,0,0,0,0,1
THIX_RS05310,0,0,0,0,0,0,0,1
THI_RS00900,0,0,0,0,0,0,0,1
TINT_RS00875,0,0,0,0,0,0,0,1
BVH73_RS09495,0,0,0,0,0,0,0,1
GO970_RS10260,0,0,0,0,0,0,0,1
GO948_RS08380,0,0,0,0,0,0,0,1
TOC7_RS10285,0,0,0,0,0,0,0,1
GO985_RS01805,0,0,0,0,0,0,0,1
THIX_RS02995,0,0,0,0,0,0,0,1
THI_RS04535,0,0,0,0,0,0,0,1
TINT_RS03830,0,0,0,0,0,0,0,1
BVH73_RS05360,0,0,0,0,0,0,0,1
GO970_RS05075,0,0,0,0,0,0,0,1
GO948_RS13530,0,0,0,0,0,0,0,1
TOC7_RS05050,0,0,0,0,0,0,0,1
GO985_RS06985,0,0,0,0,0,0,0,1
THIX_RS04540,0,0,0,0,0,0,0,1
THI_RS12785,0,0,0,0,0,0,0,1
TINT_RS11965,0,0,0,0,0,0,0,1
BVH73_RS11355,0,0,0,0,0,0,0,1
GO970_RS14635,0,0,0,0,0,0,0,1
GO948_RS04040,0,0,0,0,0,0,0,1
TOC7_RS14735,0,0,0,0,0,0,0,1
GO985_RS16060,0,0,0,0,0,0,0,1
THIX_RS07075,0,0,0,0,0,0,0,1
THI_RS12860,0,0,0,0,0,0,0,1
TINT_RS12040,0,0,0,0,0,0,0,1
BVH73_RS11300,0,0,0,0,0,0,0,1
GO970_RS14560,0,0,0,0,0,0,0,1
GO948_RS04115,0,0,0,0,0,0,0,1
TOC7_RS14660,0,0,0,0,0,0,0,1
GO985_RS16135,0,0,0,0,0,0,0,1
THIX_RS07015,0,0,0,0,0,0,0,1
THI_RS15800,0,0,0,0,0,0,0,1
TINT_RS14345,0,0,0,0,0,0,0,1
BVH73_RS06915,0,0,0,0,0,0,0,1
GO970_RS07455,0,0,0,0,0,0,0,1
GO948_RS11145,0,0,0,0,0,0,0,1
TOC7_RS07470,0,0,0,0,0,0,0,1
GO985_RS04610,0,0,0,0,0,0,0,1
THIX_RS03880,0,0,0,0,0,0,0,1
THI_RS00835,0,0,0,0,0,0,0,1
TINT_RS00810,0,0,0,0,0,0,0,1
BVH73_RS09410,0,0,0,0,0,0,0,1
GO970_RS10195,0,0,0,0,0,0,0,1
GO948_RS08445,0,0,0,0,0,0,0,1
TOC7_RS10220,0,0,0,0,0,0,0,1
GO985_RS01870,0,0,0,0,0,0,0,1
THIX_RS02900,0,0,0,0,0,0,0,1
THI_RS03995,0,0,0,0,0,0,0,1
TINT_RS03460,0,0,0,0,0,0,0,1
BVH73_RS04555,0,0,0,0,0,0,0,1
GO970_RS13945,0,0,0,0,0,0,0,1
GO948_RS04700,0,0,0,0,0,0,0,1
TOC7_RS14005,0,0,0,0,0,0,0,1
GO985_RS16740,0,0,0,0,0,0,0,1
THIX_RS13890,0,0,0,0,0,0,0,1
THI_RS07035,0,0,0,0,0,0,0,1
TINT_RS06085,0,0,0,0,0,0,0,1
BVH73_RS00400,0,0,0,0,0,0,0,1
GO970_RS01985,0,0,0,0,0,0,0,1
GO948_RS16605,0,0,0,0,0,0,0,1
TOC7_RS01975,0,0,0,0,0,0,0,1
GO985_RS10065,0,0,0,0,0,0,0,1
THIX_RS00595,0,0,0,0,0,0,0,1
THI_RS09820,0,0,0,0,0,0,0,1
TINT_RS08640,0,0,0,0,0,0,0,1
BVH73_RS13675,0,0,0,0,0,0,0,1
GO970_RS18205,0,0,0,0,0,0,0,1
GO948_RS00465,0,0,0,0,0,0,0,1
TOC7_RS18320,0,0,0,0,0,0,0,1
GO985_RS12490,0,0,0,0,0,0,0,1
THIX_RS09680,0,0,0,0,0,0,0,1
THI_RS12010,0,0,0,0,0,0,0,1
TINT_RS11255,0,0,0,0,0,0,0,1
BVH73_RS12065,0,0,0,0,0,0,0,1
GO970_RS15350,0,0,0,0,0,0,0,1
GO948_RS03325,0,0,0,0,0,0,0,1
TOC7_RS15450,0,0,0,0,0,0,0,1
GO985_RS15345,0,0,0,0,0,0,0,1
THIX_RS08915,0,0,0,0,0,0,0,1
THI_RS14930,0,0,0,0,0,0,0,1
TINT_RS13515,0,0,0,0,0,0,0,1
BVH73_RS10055,0,0,0,0,0,0,0,1
GO970_RS06615,0,0,0,0,0,0,0,1
GO948_RS11985,0,0,0,0,0,0,0,1
TOC7_RS06615,0,0,0,0,0,0,0,1
GO985_RS05455,0,0,0,0,0,0,0,1
THIX_RS03985,0,0,0,0,0,0,0,1
THI_RS00750,0,0,0,0,0,0,0,1
TINT_RS00725,0,0,0,0,0,0,0,1
BVH73_RS09300,0,0,0,0,0,0,0,1
GO970_RS10095,0,0,0,0,0,0,0,1
GO948_RS08545,0,0,0,0,0,0,0,1
TOC7_RS10105,0,0,0,0,0,0,0,1
GO985_RS01970,0,0,0,0,0,0,0,1
THIX_RS02705,0,0,0,0,0,0,0,1
THI_RS01925,0,0,0,0,0,0,0,1
TINT_RS01885,0,0,0,0,0,0,0,1
BVH73_RS05665,0,0,0,0,0,0,0,1
GO970_RS11475,0,0,0,0,0,0,0,1
GO948_RS07155,0,0,0,0,0,0,0,1
TOC7_RS11530,0,0,0,0,0,0,0,1
GO985_RS00585,0,0,0,0,0,0,0,1
THIX_RS04930,0,0,0,0,0,0,0,1
THI_RS08135,0,0,0,0,0,0,0,1
TINT_RS08135,0,0,0,0,0,0,0,1
BVH73_RS15005,0,0,0,0,0,0,0,1
GO970_RS00985,0,0,0,0,0,0,0,1
GO948_RS17605,0,0,0,0,0,0,0,1
TOC7_RS00975,0,0,0,0,0,0,0,1
GO985_RS11065,0,0,0,0,0,0,0,1
THIX_RS05315,0,0,0,0,0,0,0,1
THI_RS12285,0,0,0,0,0,0,0,1
TINT_RS11530,0,0,0,0,0,0,0,1
BVH73_RS11790,0,0,0,0,0,0,0,1
GO970_RS15070,0,0,0,0,0,0,0,1
GO948_RS03605,0,0,0,0,0,0,0,1
TOC7_RS15170,0,0,0,0,0,0,0,1
GO985_RS15625,0,0,0,0,0,0,0,1
THIX_RS06370,0,0,0,0,0,0,0,1
THI_RS12345,0,0,0,0,0,0,0,1
TINT_RS11590,0,0,0,0,0,0,0,1
BVH73_RS11730,0,0,0,0,0,0,0,1
GO970_RS15010,0,0,0,0,0,0,0,1
GO948_RS03665,0,0,0,0,0,0,0,1
TOC7_RS15110,0,0,0,0,0,0,0,1
GO985_RS15685,0,0,0,0,0,0,0,1
THIX_RS06310,0,0,0,0,0,0,0,1
THI_RS13060,0,0,0,0,0,0,0,1
TINT_RS12240,0,0,0,0,0,0,0,1
BVH73_RS11040,0,0,0,0,0,0,0,1
GO970_RS14370,0,0,0,0,0,0,0,1
GO948_RS04305,0,0,0,0,0,0,0,1
TOC7_RS14470,0,0,0,0,0,0,0,1
GO985_RS16325,0,0,0,0,0,0,0,1
THIX_RS07675,0,0,0,0,0,0,0,1
THI_RS09960,0,0,0,0,0,0,0,1
TINT_RS08780,0,0,0,0,0,0,0,1
BVH73_RS13525,0,0,0,0,0,0,0,1
GO970_RS18060,0,0,0,0,0,0,0,1
GO948_RS00610,0,0,0,0,0,0,0,1
TOC7_RS18175,0,0,0,0,0,0,0,1
GO985_RS12635,0,0,0,0,0,0,0,1
THIX_RS13605,0,0,0,0,0,0,0,1
THI_RS10465,0,0,0,0,0,0,0,1
TINT_RS09270,0,0,0,0,0,0,0,1
BVH73_RS01360,0,0,0,0,0,0,0,1
GO970_RS03010,0,0,0,0,0,0,0,1
GO948_RS15575,0,0,0,0,0,0,0,1
TOC7_RS03005,0,0,0,0,0,0,0,1
GO985_RS09035,0,0,0,0,0,0,0,1
THIX_RS16700,0,0,0,0,0,0,0,1
THI_RS15055,0,0,0,0,0,0,0,1
TINT_RS13615,0,0,0,0,0,0,0,1
BVH73_RS09920,0,0,0,0,0,0,0,1
GO970_RS06715,0,0,0,0,0,0,0,1
GO948_RS11885,0,0,0,0,0,0,0,1
TOC7_RS06715,0,0,0,0,0,0,0,1
GO985_RS05355,0,0,0,0,0,0,0,1
THIX_RS04190,0,0,0,0,0,0,0,1
THI_RS17135,0,0,0,0,0,0,0,1
TINT_RS15585,0,0,0,0,0,0,0,1
BVH73_RS07765,0,0,0,0,0,0,0,1
GO970_RS08940,0,0,0,0,0,0,0,1
GO948_RS09675,0,0,0,0,0,0,0,1
TOC7_RS08955,0,0,0,0,0,0,0,1
GO985_RS03120,0,0,0,0,0,0,0,1
THIX_RS21265,0,0,0,0,0,0,0,1
THI_RS07070,0,0,0,0,0,0,0,1
TINT_RS06120,0,0,0,0,0,0,0,1
BVH73_RS00325,0,0,0,0,0,0,0,1
GO970_RS01910,0,0,0,0,0,0,0,1
GO948_RS16680,0,0,0,0,0,0,0,1
TOC7_RS01900,0,0,0,0,0,0,0,1
GO985_RS10140,0,0,0,0,0,0,0,1
THIX_RS00855,0,0,0,0,0,0,0,1
THI_RS10120,0,0,0,0,0,0,0,1
TINT_RS08940,0,0,0,0,0,0,0,1
BVH73_RS13370,0,0,0,0,0,0,0,1
GO970_RS17895,0,0,0,0,0,0,0,1
GO948_RS00775,0,0,0,0,0,0,0,1
TOC7_RS18010,0,0,0,0,0,0,0,1
GO985_RS12800,0,0,0,0,0,0,0,1
THIX_RS16685,0,0,0,0,0,0,0,1
THI_RS13615,0,0,0,0,0,0,0,1
TINT_RS12800,0,0,0,0,0,0,0,1
BVH73_RS10690,0,0,0,0,0,0,0,1
GO970_RS05905,0,0,0,0,0,0,0,1
GO948_RS12695,0,0,0,0,0,0,0,1
TOC7_RS05905,0,0,0,0,0,0,0,1
GO985_RS06165,0,0,0,0,0,0,0,1
THIX_RS07195,0,0,0,0,0,0,0,1
THI_RS07805,0,0,0,0,0,0,0,1
TINT_RS06905,0,0,0,0,0,0,0,1
BVH73_RS00195,0,0,0,0,0,0,0,1
GO970_RS01160,0,0,0,0,0,0,0,1
GO948_RS17430,0,0,0,0,0,0,0,1
TOC7_RS01150,0,0,0,0,0,0,0,1
GO985_RS10890,0,0,0,0,0,0,0,1
THIX_RS10565,0,0,0,0,0,0,0,1
THI_RS15815,0,0,0,0,0,0,0,1
TINT_RS14360,0,0,0,0,0,0,0,1
BVH73_RS06930,0,0,0,0,0,0,0,1
GO970_RS07470,0,0,0,0,0,0,0,1
GO948_RS11130,0,0,0,0,0,0,0,1
TOC7_RS07485,0,0,0,0,0,0,0,1
GO985_RS04595,0,0,0,0,0,0,0,1
THIX_RS20610,0,0,0,0,0,0,0,1
THI_RS05660,0,0,0,0,0,0,0,1
TINT_RS04920,0,0,0,0,0,0,0,1
BVH73_RS12840,0,0,0,0,0,0,0,1
GO970_RS03975,0,0,0,0,0,0,0,1
GO948_RS14630,0,0,0,0,0,0,0,1
TOC7_RS03950,0,0,0,0,0,0,0,1
GO985_RS08085,0,0,0,0,0,0,0,1
THIX_RS05435,0,0,0,0,0,0,0,1
THI_RS00025,0,0,0,0,0,0,0,1
TINT_RS00035,0,0,0,0,0,0,0,1
BVH73_RS08475,0,0,0,0,0,0,0,1
GO970_RS09490,0,0,0,0,0,0,0,1
GO948_RS09150,0,0,0,0,0,0,0,1
TOC7_RS09500,0,0,0,0,0,0,0,1
GO985_RS02575,0,0,0,0,0,0,0,1
THIX_RS00435,0,0,0,0,0,0,0,1
THI_RS05355,0,0,0,0,0,0,0,1
TINT_RS04615,0,0,0,0,0,0,0,1
BVH73_RS12570,0,0,0,0,0,0,0,1
GO970_RS04280,0,0,0,0,0,0,0,1
GO948_RS14325,0,0,0,0,0,0,0,1
TOC7_RS04255,0,0,0,0,0,0,0,1
GO985_RS07780,0,0,0,0,0,0,0,1
THIX_RS03915,0,0,0,0,0,0,0,1
THI_RS12415,0,0,0,0,0,0,0,1
TINT_RS11660,0,0,0,0,0,0,0,1
BVH73_RS11660,0,0,0,0,0,0,0,1
GO970_RS14940,0,0,0,0,0,0,0,1
GO948_RS03735,0,0,0,0,0,0,0,1
TOC7_RS15040,0,0,0,0,0,0,0,1
GO985_RS15755,0,0,0,0,0,0,0,1
THIX_RS06240,0,0,0,0,0,0,0,1
THI_RS14815,0,0,0,0,0,0,0,1
TINT_RS13400,0,0,0,0,0,0,0,1
BVH73_RS10205,0,0,0,0,0,0,0,1
GO970_RS06520,0,0,0,0,0,0,0,1
GO948_RS12080,0,0,0,0,0,0,0,1
TOC7_RS06520,0,0,0,0,0,0,0,1
GO985_RS05550,0,0,0,0,0,0,0,1
THIX_RS03715,0,0,0,0,0,0,0,1
THI_RS01555,0,0,0,0,0,0,0,1
TINT_RS01490,0,0,0,0,0,0,0,1
BVH73_RS05945,0,0,0,0,0,0,0,1
GO970_RS11020,0,0,0,0,0,0,0,1
GO948_RS07615,0,0,0,0,0,0,0,1
TOC7_RS11050,0,0,0,0,0,0,0,1
GO985_RS01040,0,0,0,0,0,0,0,1
THIX_RS04060,0,0,0,0,0,0,0,1
THI_RS12940,0,0,0,0,0,0,0,1
TINT_RS12120,0,0,0,0,0,0,0,1
BVH73_RS11220,0,0,0,0,0,0,0,1
GO970_RS14480,0,0,0,0,0,0,0,1
GO948_RS04195,0,0,0,0,0,0,0,1
TOC7_RS14580,0,0,0,0,0,0,0,1
GO985_RS16215,0,0,0,0,0,0,0,1
THIX_RS07795,0,0,0,0,0,0,0,1
THI_RS00960,0,0,0,0,0,0,0,1
TINT_RS00935,0,0,0,0,0,0,0,1
BVH73_RS09550,0,0,0,0,0,0,0,1
GO970_RS10320,0,0,0,0,0,0,0,1
GO948_RS08320,0,0,0,0,0,0,0,1
TOC7_RS10345,0,0,0,0,0,0,0,1
GO985_RS01745,0,0,0,0,0,0,0,1
THIX_RS03390,0,0,0,0,0,0,0,1
THI_RS02075,0,0,0,0,0,0,0,1
TINT_RS02105,0,0,0,0,0,0,0,1
BVH73_RS03210,0,0,0,0,0,0,0,1
GO970_RS11625,0,0,0,0,0,0,0,1
GO948_RS07005,0,0,0,0,0,0,0,1
TOC7_RS11680,0,0,0,0,0,0,0,1
GO985_RS00435,0,0,0,0,0,0,0,1
THIX_RS19140,0,0,0,0,0,0,0,1
THI_RS07615,0,0,0,0,0,0,0,1
TINT_RS06715,0,0,0,0,0,0,0,1
BVH73_RS14675,0,0,0,0,0,0,0,1
GO970_RS01345,0,0,0,0,0,0,0,1
GO948_RS17245,0,0,0,0,0,0,0,1
TOC7_RS01335,0,0,0,0,0,0,0,1
GO985_RS10705,0,0,0,0,0,0,0,1
THIX_RS13975,0,0,0,0,0,0,0,1
THI_RS11420,0,0,0,0,0,0,0,1
TINT_RS10770,0,0,0,0,0,0,0,1
BVH73_RS03340,0,0,0,0,0,0,0,1
GO970_RS15775,0,0,0,0,0,0,0,1
GO948_RS02900,0,0,0,0,0,0,0,1
TOC7_RS15875,0,0,0,0,0,0,0,1
GO985_RS14920,0,0,0,0,0,0,0,1
THIX_RS16310,0,0,0,0,0,0,0,1
THI_RS16280,0,0,0,0,0,0,0,1
TINT_RS14920,0,0,0,0,0,0,0,1
BVH73_RS07295,0,0,0,0,0,0,0,1
GO970_RS07875,0,0,0,0,0,0,0,1
GO948_RS10725,0,0,0,0,0,0,0,1
TOC7_RS07895,0,0,0,0,0,0,0,1
GO985_RS04190,0,0,0,0,0,0,0,1
THIX_RS01005,0,0,0,0,0,0,0,1
THI_RS02990,0,0,0,0,0,0,0,1
TINT_RS02670,0,0,0,0,0,0,0,1
BVH73_RS05500,0,0,0,0,0,0,0,1
GO970_RS12950,0,0,0,0,0,0,0,1
GO948_RS05695,0,0,0,0,0,0,0,1
TOC7_RS13010,0,0,0,0,0,0,0,1
GO985_RS17735,0,0,0,0,0,0,0,1
THIX_RS05095,0,0,0,0,0,0,0,1
THI_RS09830,0,0,0,0,0,0,0,1
TINT_RS08650,0,0,0,0,0,0,0,1
BVH73_RS13665,0,0,0,0,0,0,0,1
GO970_RS18195,0,0,0,0,0,0,0,1
GO948_RS00475,0,0,0,0,0,0,0,1
TOC7_RS18310,0,0,0,0,0,0,0,1
GO985_RS12500,0,0,0,0,0,0,0,1
THIX_RS09670,0,0,0,0,0,0,0,1
THI_RS11870,0,0,0,0,0,0,0,1
TINT_RS11205,0,0,0,0,0,0,0,1
BVH73_RS12210,0,0,0,0,0,0,0,1
GO970_RS15400,0,0,0,0,0,0,0,1
GO948_RS03275,0,0,0,0,0,0,0,1
TOC7_RS15500,0,0,0,0,0,0,0,1
GO985_RS15295,0,0,0,0,0,0,0,1
THIX_RS05140,0,0,0,0,0,0,0,1
THI_RS12110,0,0,0,0,0,0,0,1
TINT_RS11355,0,0,0,0,0,0,0,1
BVH73_RS11965,0,0,0,0,0,0,0,1
GO970_RS15250,0,0,0,0,0,0,0,1
GO948_RS03425,0,0,0,0,0,0,0,1
TOC7_RS15350,0,0,0,0,0,0,0,1
GO985_RS15445,0,0,0,0,0,0,0,1
THIX_RS09920,0,0,0,0,0,0,0,1
THI_RS12880,0,0,0,0,0,0,0,1
TINT_RS12060,0,0,0,0,0,0,0,1
BVH73_RS11280,0,0,0,0,0,0,0,1
GO970_RS14540,0,0,0,0,0,0,0,1
GO948_RS04135,0,0,0,0,0,0,0,1
TOC7_RS14640,0,0,0,0,0,0,0,1
GO985_RS16155,0,0,0,0,0,0,0,1
THIX_RS06990,0,0,0,0,0,0,0,1
THI_RS15310,0,0,0,0,0,0,0,1
TINT_RS13870,0,0,0,0,0,0,0,1
BVH73_RS06380,0,0,0,0,0,0,0,1
GO970_RS06970,0,0,0,0,0,0,0,1
GO948_RS11630,0,0,0,0,0,0,0,1
TOC7_RS06970,0,0,0,0,0,0,0,1
GO985_RS05100,0,0,0,0,0,0,0,1
THIX_RS21350,0,0,0,0,0,0,0,1
THI_RS00075,0,0,0,0,0,0,0,1
TINT_RS00085,0,0,0,0,0,0,0,1
BVH73_RS08585,0,0,0,0,0,0,0,1
GO970_RS09540,0,0,0,0,0,0,0,1
GO948_RS09100,0,0,0,0,0,0,0,1
TOC7_RS09550,0,0,0,0,0,0,0,1
GO985_RS02525,0,0,0,0,0,0,0,1
THIX_RS03505,0,0,0,0,0,0,0,1
THI_RS00690,0,0,0,0,0,0,0,1
TINT_RS00665,0,0,0,0,0,0,0,1
BVH73_RS09240,0,0,0,0,0,0,0,1
GO970_RS10010,0,0,0,0,0,0,0,1
GO948_RS08630,0,0,0,0,0,0,0,1
TOC7_RS10020,0,0,0,0,0,0,0,1
GO985_RS02055,0,0,0,0,0,0,0,1
THIX_RS11545,0,0,0,0,0,0,0,1
THI_RS03295,0,0,0,0,0,0,0,1
TINT_RS02810,0,0,0,0,0,0,0,1
BVH73_RS05250,0,0,0,0,0,0,0,1
GO970_RS13135,0,0,0,0,0,0,0,1
GO948_RS05510,0,0,0,0,0,0,0,1
TOC7_RS08395,0,0,0,0,0,0,0,1
GO985_RS17550,0,0,0,0,0,0,0,1
THIX_RS04325,0,0,0,0,0,0,0,1
THI_RS00580,0,0,0,0,0,0,0,1
TINT_RS00555,0,0,0,0,0,0,0,1
BVH73_RS09110,0,0,0,0,0,0,0,1
GO970_RS10000,0,0,0,0,0,0,0,1
GO948_RS08640,0,0,0,0,0,0,0,1
TOC7_RS10010,0,0,0,0,0,0,0,1
GO985_RS02065,0,0,0,0,0,0,0,1
THIX_RS02765,0,0,0,0,0,0,0,1
THI_RS14560,0,0,0,0,0,0,0,1
TINT_RS15335,0,0,0,0,0,0,0,1
BVH73_RS01240,0,0,0,0,0,0,0,1
GO970_RS19065,0,0,0,0,0,0,0,1
GO948_RS01575,0,0,0,0,0,0,0,1
TOC7_RS17210,0,0,0,0,0,0,0,1
GO985_RS13600,0,0,0,0,0,0,0,1
THIX_RS10325,0,0,0,0,0,0,0,1
THI_RS03795,0,0,0,0,0,0,0,1
TINT_RS03265,0,0,0,0,0,0,0,1
BVH73_RS04735,0,0,0,0,0,0,0,1
GO970_RS13730,0,0,0,0,0,0,0,1
GO948_RS04915,0,0,0,0,0,0,0,1
TOC7_RS13790,0,0,0,0,0,0,0,1
GO985_RS16955,0,0,0,0,0,0,0,1
THIX_RS02335,0,0,0,0,0,0,0,1
THI_RS04130,0,0,0,0,0,0,0,1
TINT_RS03620,0,0,0,0,0,0,0,1
BVH73_RS04425,0,0,0,0,0,0,0,1
GO970_RS14080,0,0,0,0,0,0,0,1
GO948_RS04565,0,0,0,0,0,0,0,1
TOC7_RS14140,0,0,0,0,0,0,0,1
GO985_RS16605,0,0,0,0,0,0,0,1
THIX_RS08165,0,0,0,0,0,0,0,1
THI_RS05105,0,0,0,0,0,0,0,1
TINT_RS04375,0,0,0,0,0,0,0,1
BVH73_RS03670,0,0,0,0,0,0,0,1
GO970_RS04540,0,0,0,0,0,0,0,1
GO948_RS14065,0,0,0,0,0,0,0,1
TOC7_RS04515,0,0,0,0,0,0,0,1
GO985_RS07520,0,0,0,0,0,0,0,1
THIX_RS19945,0,0,0,0,0,0,0,1
THI_RS07340,0,0,0,0,0,0,0,1
TINT_RS06435,0,0,0,0,0,0,0,1
BVH73_RS14400,0,0,0,0,0,0,0,1
GO970_RS01635,0,0,0,0,0,0,0,1
GO948_RS16955,0,0,0,0,0,0,0,1
TOC7_RS01625,0,0,0,0,0,0,0,1
GO985_RS10415,0,0,0,0,0,0,0,1
THIX_RS11740,0,0,0,0,0,0,0,1
THI_RS12405,0,0,0,0,0,0,0,1
TINT_RS11650,0,0,0,0,0,0,0,1
BVH73_RS11670,0,0,0,0,0,0,0,1
GO970_RS14950,0,0,0,0,0,0,0,1
GO948_RS03725,0,0,0,0,0,0,0,1
TOC7_RS15050,0,0,0,0,0,0,0,1
GO985_RS15745,0,0,0,0,0,0,0,1
THIX_RS06250,0,0,0,0,0,0,0,1
THI_RS00475,0,0,0,0,0,0,0,1
TINT_RS00445,0,0,0,0,0,0,0,1
BVH73_RS08985,0,0,0,0,0,0,0,1
GO970_RS09890,0,0,0,0,0,0,0,1
GO948_RS08750,0,0,0,0,0,0,0,1
TOC7_RS09900,0,0,0,0,0,0,0,1
GO985_RS02175,0,0,0,0,0,0,0,1
THIX_RS01465,0,0,0,0,0,0,0,1
THI_RS01260,0,0,0,0,0,0,0,1
TINT_RS01170,0,0,0,0,0,0,0,1
BVH73_RS09700,0,0,0,0,0,0,0,1
GO970_RS10615,0,0,0,0,0,0,0,1
GO948_RS08020,0,0,0,0,0,0,0,1
TOC7_RS10645,0,0,0,0,0,0,0,1
GO985_RS01445,0,0,0,0,0,0,0,1
THIX_RS02430,0,0,0,0,0,0,0,1
THI_RS02515,0,0,0,0,0,0,0,1
TINT_RS02320,0,0,0,0,0,0,0,1
BVH73_RS02935,0,0,0,0,0,0,0,1
GO970_RS12645,0,0,0,0,0,0,0,1
GO948_RS06000,0,0,0,0,0,0,0,1
TOC7_RS12705,0,0,0,0,0,0,0,1
GO985_RS18040,0,0,0,0,0,0,0,1
THIX_RS05740,0,0,0,0,0,0,0,1
THI_RS07460,0,0,0,0,0,0,0,1
TINT_RS06555,0,0,0,0,0,0,0,1
BVH73_RS14515,0,0,0,0,0,0,0,1
GO970_RS01500,0,0,0,0,0,0,0,1
GO948_RS17090,0,0,0,0,0,0,0,1
TOC7_RS01490,0,0,0,0,0,0,0,1
GO985_RS10550,0,0,0,0,0,0,0,1
THIX_RS06465,0,0,0,0,0,0,0,1
THI_RS07800,0,0,0,0,0,0,0,1
TINT_RS06900,0,0,0,0,0,0,0,1
BVH73_RS00200,0,0,0,0,0,0,0,1
GO970_RS01165,0,0,0,0,0,0,0,1
GO948_RS17425,0,0,0,0,0,0,0,1
TOC7_RS01155,0,0,0,0,0,0,0,1
GO985_RS10885,0,0,0,0,0,0,0,1
THIX_RS10570,0,0,0,0,0,0,0,1
THI_RS10140,0,0,0,0,0,0,0,1
TINT_RS08960,0,0,0,0,0,0,0,1
BVH73_RS13350,0,0,0,0,0,0,0,1
GO970_RS17875,0,0,0,0,0,0,0,1
GO948_RS00795,0,0,0,0,0,0,0,1
TOC7_RS17990,0,0,0,0,0,0,0,1
GO985_RS12820,0,0,0,0,0,0,0,1
THIX_RS16885,0,0,0,0,0,0,0,1
THI_RS14915,0,0,0,0,0,0,0,1
TINT_RS13500,0,0,0,0,0,0,0,1
BVH73_RS10070,0,0,0,0,0,0,0,1
GO970_RS06600,0,0,0,0,0,0,0,1
GO948_RS12000,0,0,0,0,0,0,0,1
TOC7_RS06600,0,0,0,0,0,0,0,1
GO985_RS05470,0,0,0,0,0,0,0,1
THIX_RS09795,0,0,0,0,0,0,0,1
THI_RS02640,0,0,0,0,0,0,0,1
TINT_RS02435,0,0,0,0,0,0,0,1
BVH73_RS02790,0,0,0,0,0,0,0,1
GO970_RS12765,0,0,0,0,0,0,0,1
GO948_RS05880,0,0,0,0,0,0,0,1
TOC7_RS12825,0,0,0,0,0,0,0,1
GO985_RS17920,0,0,0,0,0,0,0,1
THIX_RS19390,0,0,0,0,0,0,0,1
THI_RS05115,0,0,0,0,0,0,0,1
TINT_RS04385,0,0,0,0,0,0,0,1
BVH73_RS12345,0,0,0,0,0,0,0,1
GO970_RS04530,0,0,0,0,0,0,0,1
GO948_RS14075,0,0,0,0,0,0,0,1
TOC7_RS04505,0,0,0,0,0,0,0,1
GO985_RS07530,0,0,0,0,0,0,0,1
THIX_RS05445,0,0,0,0,0,0,0,1
THI_RS06995,0,0,0,0,0,0,0,1
TINT_RS06045,0,0,0,0,0,0,0,1
BVH73_RS00440,0,0,0,0,0,0,0,1
GO970_RS02030,0,0,0,0,0,0,0,1
GO948_RS16560,0,0,0,0,0,0,0,1
TOC7_RS02020,0,0,0,0,0,0,0,1
GO985_RS10020,0,0,0,0,0,0,0,1
THIX_RS00635,0,0,0,0,0,0,0,1
THI_RS18915,0,0,0,0,0,0,0,1
TINT_RS17055,0,0,0,0,0,0,0,1
BVH73_RS11615,0,0,0,0,0,0,0,1
GO970_RS14895,0,0,0,0,0,0,0,1
GO948_RS03780,0,0,0,0,0,0,0,1
TOC7_RS14995,0,0,0,0,0,0,0,1
GO985_RS15800,0,0,0,0,0,0,0,1
THIX_RS06210,0,0,0,0,0,0,0,1
THI_RS13595,0,0,0,0,0,0,0,1
TINT_RS12765,0,0,0,0,0,0,0,1
BVH73_RS10705,0,0,0,0,0,0,0,1
GO970_RS05885,0,0,0,0,0,0,0,1
GO948_RS12715,0,0,0,0,0,0,0,1
TOC7_RS05885,0,0,0,0,0,0,0,1
GO985_RS06185,0,0,0,0,0,0,0,1
THIX_RS07220,0,0,0,0,0,0,0,1
THI_RS15550,0,0,0,0,0,0,0,1
TINT_RS14110,0,0,0,0,0,0,0,1
BVH73_RS06660,0,0,0,0,0,0,0,1
GO970_RS07220,0,0,0,0,0,0,0,1
GO948_RS11380,0,0,0,0,0,0,0,1
TOC7_RS07235,0,0,0,0,0,0,0,1
GO985_RS04845,0,0,0,0,0,0,0,1
THIX_RS13965,0,0,0,0,0,0,0,1
THI_RS04685,0,0,0,0,0,0,0,1
TINT_RS03970,0,0,0,0,0,0,0,1
BVH73_RS04030,0,0,0,0,0,0,0,1
GO970_RS04955,0,0,0,0,0,0,0,1
GO948_RS13650,0,0,0,0,0,0,0,1
TOC7_RS04930,0,0,0,0,0,0,0,1
GO985_RS07105,0,0,0,0,0,0,0,1
THIX_RS20310,0,0,0,0,0,0,0,1
THI_RS07400,0,0,0,0,0,0,0,1
TINT_RS06495,0,0,0,0,0,0,0,1
BVH73_RS14460,0,0,0,0,0,0,0,1
GO970_RS01575,0,0,0,0,0,0,0,1
GO948_RS17015,0,0,0,0,0,0,0,1
TOC7_RS01565,0,0,0,0,0,0,0,1
GO985_RS10475,0,0,0,0,0,0,0,1
THIX_RS01650,0,0,0,0,0,0,0,1
THI_RS15010,0,0,0,0,0,0,0,1
TINT_RS13570,0,0,0,0,0,0,0,1
BVH73_RS09970,0,0,0,0,0,0,0,1
GO970_RS06670,0,0,0,0,0,0,0,1
GO948_RS11930,0,0,0,0,0,0,0,1
TOC7_RS06670,0,0,0,0,0,0,0,1
GO985_RS05400,0,0,0,0,0,0,0,1
THIX_RS04145,0,0,0,0,0,0,0,1
THI_RS05390,0,0,0,0,0,0,0,1
TINT_RS04650,0,0,0,0,0,0,0,1
BVH73_RS12620,0,0,0,0,0,0,0,1
GO970_RS04245,0,0,0,0,0,0,0,1
GO948_RS14360,0,0,0,0,0,0,0,1
TOC7_RS04220,0,0,0,0,0,0,0,1
GO985_RS07815,0,0,0,0,0,0,0,1
THIX_RS06900,0,0,0,0,0,0,0,1
THI_RS11160,0,0,0,0,0,0,0,1
TINT_RS10510,0,0,0,0,0,0,0,1
BVH73_RS02260,0,0,0,0,0,0,0,1
GO970_RS16060,0,0,0,0,0,0,0,1
GO948_RS02615,0,0,0,0,0,0,0,1
TOC7_RS16160,0,0,0,0,0,0,0,1
GO985_RS14635,0,0,0,0,0,0,0,1
THIX_RS06545,0,0,0,0,0,0,0,1
THI_RS15235,0,0,0,0,0,0,0,1
TINT_RS13795,0,0,0,0,0,0,0,1
BVH73_RS06305,0,0,0,0,0,0,0,1
GO970_RS06895,0,0,0,0,0,0,0,1
GO948_RS11705,0,0,0,0,0,0,0,1
TOC7_RS06895,0,0,0,0,0,0,0,1
GO985_RS05175,0,0,0,0,0,0,0,1
THIX_RS04120,0,0,0,0,0,0,0,1
THI_RS01245,0,0,0,0,0,0,0,1
TINT_RS01155,0,0,0,0,0,0,0,1
BVH73_RS09685,0,0,0,0,0,0,0,1
GO970_RS10600,0,0,0,0,0,0,0,1
GO948_RS08035,0,0,0,0,0,0,0,1
TOC7_RS10630,0,0,0,0,0,0,0,1
GO985_RS01460,0,0,0,0,0,0,0,1
THIX_RS02445,0,0,0,0,0,0,0,1
THI_RS06945,0,0,0,0,0,0,0,1
TINT_RS05990,0,0,0,0,0,0,0,1
BVH73_RS00505,0,0,0,0,0,0,0,1
GO970_RS02080,0,0,0,0,0,0,0,1
GO948_RS16510,0,0,0,0,0,0,0,1
TOC7_RS02070,0,0,0,0,0,0,0,1
GO985_RS09970,0,0,0,0,0,0,0,1
THIX_RS00685,0,0,0,0,0,0,0,1
THI_RS06965,0,0,0,0,0,0,0,1
TINT_RS06015,0,0,0,0,0,0,0,1
BVH73_RS00475,0,0,0,0,0,0,0,1
GO970_RS02060,0,0,0,0,0,0,0,1
GO948_RS16530,0,0,0,0,0,0,0,1
TOC7_RS02050,0,0,0,0,0,0,0,1
GO985_RS09990,0,0,0,0,0,0,0,1
THIX_RS00665,0,0,0,0,0,0,0,1
THI_RS13460,0,0,0,0,0,0,0,1
TINT_RS12630,0,0,0,0,0,0,0,1
BVH73_RS10840,0,0,0,0,0,0,0,1
GO970_RS05750,0,0,0,0,0,0,0,1
GO948_RS12850,0,0,0,0,0,0,0,1
TOC7_RS05750,0,0,0,0,0,0,0,1
GO985_RS06320,0,0,0,0,0,0,0,1
THIX_RS19725,0,0,0,0,0,0,0,1
THI_RS04650,0,0,0,0,0,0,0,1
TINT_RS03950,0,0,0,0,0,0,0,1
BVH73_RS04060,0,0,0,0,0,0,0,1
GO970_RS04975,0,0,0,0,0,0,0,1
GO948_RS13630,0,0,0,0,0,0,0,1
TOC7_RS04950,0,0,0,0,0,0,0,1
GO985_RS07085,0,0,0,0,0,0,0,1
THIX_RS04305,0,0,0,0,0,0,0,1
THI_RS11190,0,0,0,0,0,0,0,1
TINT_RS10540,0,0,0,0,0,0,0,1
BVH73_RS02290,0,0,0,0,0,0,0,1
GO970_RS16030,0,0,0,0,0,0,0,1
GO948_RS02645,0,0,0,0,0,0,0,1
TOC7_RS16130,0,0,0,0,0,0,0,1
GO985_RS14665,0,0,0,0,0,0,0,1
THIX_RS17325,0,0,0,0,0,0,0,1
THI_RS17460,0,0,0,0,0,0,0,1
TINT_RS15840,0,0,0,0,0,0,0,1
BVH73_RS08110,0,0,0,0,0,0,0,1
GO970_RS09155,0,0,0,0,0,0,0,1
GO948_RS09460,0,0,0,0,0,0,0,1
TOC7_RS09170,0,0,0,0,0,0,0,1
GO985_RS02905,0,0,0,0,0,0,0,1
THIX_RS02170,0,0,0,0,0,0,0,1
THI_RS10020,0,0,0,0,0,0,0,1
TINT_RS08840,0,0,0,0,0,0,0,1
BVH73_RS13470,0,0,0,0,0,0,0,1
GO970_RS18000,0,0,0,0,0,0,0,1
GO948_RS00670,0,0,0,0,0,0,0,1
TOC7_RS18115,0,0,0,0,0,0,0,1
GO985_RS12695,0,0,0,0,0,0,0,1
THIX_RS15640,0,0,0,0,0,0,0,1
THI_RS10590,0,0,0,0,0,0,0,1
TINT_RS09385,0,0,0,0,0,0,0,1
BVH73_RS01475,0,0,0,0,0,0,0,1
GO970_RS03130,0,0,0,0,0,0,0,1
GO948_RS15455,0,0,0,0,0,0,0,1
TOC7_RS03125,0,0,0,0,0,0,0,1
GO985_RS08915,0,0,0,0,0,0,0,1
THIX_RS13265,0,0,0,0,0,0,0,1
THI_RS12930,0,0,0,0,0,0,0,1
TINT_RS12110,0,0,0,0,0,0,0,1
BVH73_RS11230,0,0,0,0,0,0,0,1
GO970_RS14490,0,0,0,0,0,0,0,1
GO948_RS04185,0,0,0,0,0,0,0,1
TOC7_RS14590,0,0,0,0,0,0,0,1
GO985_RS16205,0,0,0,0,0,0,0,1
THIX_RS18585,0,0,0,0,0,0,0,1
THI_RS14880,0,0,0,0,0,0,0,1
TINT_RS13465,0,0,0,0,0,0,0,1
BVH73_RS10105,0,0,0,0,0,0,0,1
GO970_RS06565,0,0,0,0,0,0,0,1
GO948_RS12035,0,0,0,0,0,0,0,1
TOC7_RS06565,0,0,0,0,0,0,0,1
GO985_RS05505,0,0,0,0,0,0,0,1
THIX_RS20345,0,0,0,0,0,0,0,1
THI_RS02985,0,0,0,0,0,0,0,1
TINT_RS02665,0,0,0,0,0,0,0,1
BVH73_RS05505,0,0,0,0,0,0,0,1
GO970_RS12945,0,0,0,0,0,0,0,1
GO948_RS05700,0,0,0,0,0,0,0,1
TOC7_RS13005,0,0,0,0,0,0,0,1
GO985_RS17740,0,0,0,0,0,0,0,1
THIX_RS05090,0,0,0,0,0,0,0,1
THI_RS06690,0,0,0,0,0,0,0,1
TINT_RS05745,0,0,0,0,0,0,0,1
BVH73_RS00770,0,0,0,0,0,0,0,1
GO970_RS02325,0,0,0,0,0,0,0,1
GO948_RS16265,0,0,0,0,0,0,0,1
TOC7_RS02315,0,0,0,0,0,0,0,1
GO985_RS09725,0,0,0,0,0,0,0,1
THIX_RS11425,0,0,0,0,0,0,0,1
THI_RS07090,0,0,0,0,0,0,0,1
TINT_RS06180,0,0,0,0,0,0,0,1
BVH73_RS00305,0,0,0,0,0,0,0,1
GO970_RS01890,0,0,0,0,0,0,0,1
GO948_RS16700,0,0,0,0,0,0,0,1
TOC7_RS01880,0,0,0,0,0,0,0,1
GO985_RS10160,0,0,0,0,0,0,0,1
THIX_RS00835,0,0,0,0,0,0,0,1
THI_RS09760,0,0,0,0,0,0,0,1
TINT_RS08580,0,0,0,0,0,0,0,1
BVH73_RS13750,0,0,0,0,0,0,0,1
GO970_RS18265,0,0,0,0,0,0,0,1
GO948_RS00405,0,0,0,0,0,0,0,1
TOC7_RS18380,0,0,0,0,0,0,0,1
GO985_RS12430,0,0,0,0,0,0,0,1
THIX_RS00500,0,0,0,0,0,0,0,1
THI_RS11050,0,0,0,0,0,0,0,1
TINT_RS10400,0,0,0,0,0,0,0,1
BVH73_RS02150,0,0,0,0,0,0,0,1
GO970_RS16180,0,0,0,0,0,0,0,1
GO948_RS02495,0,0,0,0,0,0,0,1
TOC7_RS16280,0,0,0,0,0,0,0,1
GO985_RS14515,0,0,0,0,0,0,0,1
THIX_RS16760,0,0,0,0,0,0,0,1
THI_RS07210,0,0,0,0,0,0,0,1
TINT_RS06310,0,0,0,0,0,0,0,1
BVH73_RS14335,0,0,0,0,0,0,0,1
GO970_RS01760,0,0,0,0,0,0,0,1
GO948_RS16830,0,0,0,0,0,0,0,1
TOC7_RS01750,0,0,0,0,0,0,0,1
GO985_RS10290,0,0,0,0,0,0,0,1
THIX_RS07400,0,0,0,0,0,0,0,1
THI_RS07970,0,0,0,0,0,0,0,1
TINT_RS06925,0,0,0,0,0,0,0,1
BVH73_RS14840,0,0,0,0,0,0,0,1
GO970_RS01140,0,0,0,0,0,0,0,1
GO948_RS17450,0,0,0,0,0,0,0,1
TOC7_RS01130,0,0,0,0,0,0,0,1
GO985_RS10910,0,0,0,0,0,0,0,1
THIX_RS15045,0,0,0,0,0,0,0,1
THI_RS12175,0,0,0,0,0,0,0,1
TINT_RS11420,0,0,0,0,0,0,0,1
BVH73_RS11905,0,0,0,0,0,0,0,1
GO970_RS15185,0,0,0,0,0,0,0,1
GO948_RS03490,0,0,0,0,0,0,0,1
TOC7_RS15285,0,0,0,0,0,0,0,1
GO985_RS15510,0,0,0,0,0,0,0,1
THIX_RS19190,0,0,0,0,0,0,0,1
THI_RS05720,0,0,0,0,0,0,0,1
TINT_RS04985,0,0,0,0,0,0,0,1
BVH73_RS13095,0,0,0,0,0,0,0,1
GO970_RS03910,0,0,0,0,0,0,0,1
GO948_RS14695,0,0,0,0,0,0,0,1
TOC7_RS03885,0,0,0,0,0,0,0,1
GO985_RS08150,0,0,0,0,0,0,0,1
THIX_RS22010,0,0,0,0,0,0,0,1
THI_RS05845,0,0,0,0,0,0,0,1
TINT_RS05120,0,0,0,0,0,0,0,1
BVH73_RS13220,0,0,0,0,0,0,0,1
GO970_RS03785,0,0,0,0,0,0,0,1
GO948_RS14820,0,0,0,0,0,0,0,1
TOC7_RS03760,0,0,0,0,0,0,0,1
GO985_RS08275,0,0,0,0,0,0,0,1
THIX_RS06860,0,0,0,0,0,0,0,1
THI_RS07555,0,0,0,0,0,0,0,1
TINT_RS06655,0,0,0,0,0,0,0,1
BVH73_RS14620,0,0,0,0,0,0,0,1
GO970_RS01405,0,0,0,0,0,0,0,1
GO948_RS17185,0,0,0,0,0,0,0,1
TOC7_RS01395,0,0,0,0,0,0,0,1
GO985_RS10645,0,0,0,0,0,0,0,1
THIX_RS18760,0,0,0,0,0,0,0,1
THI_RS13410,0,0,0,0,0,0,0,1
TINT_RS12585,0,0,0,0,0,0,0,1
BVH73_RS10885,0,0,0,0,0,0,0,1
GO970_RS05705,0,0,0,0,0,0,0,1
GO948_RS12895,0,0,0,0,0,0,0,1
TOC7_RS05705,0,0,0,0,0,0,0,1
GO985_RS06365,0,0,0,0,0,0,0,1
THIX_RS13655,0,0,0,0,0,0,0,1
THI_RS08490,0,0,0,0,0,0,0,1
TINT_RS07310,0,0,0,0,0,0,0,1
BVH73_RS15270,0,0,0,0,0,0,0,1
GO970_RS00635,0,0,0,0,0,0,0,1
GO948_RS17955,0,0,0,0,0,0,0,1
TOC7_RS00625,0,0,0,0,0,0,0,1
GO985_RS11410,0,0,0,0,0,0,0,1
THIX_RS13775,0,0,0,0,0,0,0,1
THI_RS13995,0,0,0,0,0,0,0,1
TINT_RS13165,0,0,0,0,0,0,0,1
BVH73_RS10290,0,0,0,0,0,0,0,1
GO970_RS06290,0,0,0,0,0,0,0,1
GO948_RS12310,0,0,0,0,0,0,0,1
TOC7_RS06290,0,0,0,0,0,0,0,1
GO985_RS05780,0,0,0,0,0,0,0,1
THIX_RS03850,0,0,0,0,0,0,0,1
THI_RS14940,0,0,0,0,0,0,0,1
TINT_RS13525,0,0,0,0,0,0,0,1
BVH73_RS10045,0,0,0,0,0,0,0,1
GO970_RS06625,0,0,0,0,0,0,0,1
GO948_RS11975,0,0,0,0,0,0,0,1
TOC7_RS06625,0,0,0,0,0,0,0,1
GO985_RS05445,0,0,0,0,0,0,0,1
THIX_RS01945,0,0,0,0,0,0,0,1
THI_RS10505,0,0,0,0,0,0,0,1
TINT_RS09300,0,0,0,0,0,0,0,1
BVH73_RS01395,0,0,0,0,0,0,0,1
GO970_RS03045,0,0,0,0,0,0,0,1
GO948_RS15540,0,0,0,0,0,0,0,1
TOC7_RS03040,0,0,0,0,0,0,0,1
GO985_RS09000,0,0,0,0,0,0,0,1
THIX_RS13520,0,0,0,0,0,0,0,1
THI_RS00700,0,0,0,0,0,0,0,1
TINT_RS00675,0,0,0,0,0,0,0,1
BVH73_RS09250,0,0,0,0,0,0,0,1
GO970_RS10040,0,0,0,0,0,0,0,1
GO948_RS08600,0,0,0,0,0,0,0,1
TOC7_RS10050,0,0,0,0,0,0,0,1
GO985_RS02025,0,0,0,0,0,0,0,1
THIX_RS02755,0,0,0,0,0,0,0,1
THI_RS07175,0,0,0,0,0,0,0,1
TINT_RS06265,0,0,0,0,0,0,0,1
BVH73_RS14295,0,0,0,0,0,0,0,1
GO970_RS01805,0,0,0,0,0,0,0,1
GO948_RS16785,0,0,0,0,0,0,0,1
TOC7_RS01795,0,0,0,0,0,0,0,1
GO985_RS10245,0,0,0,0,0,0,0,1
THIX_RS08885,0,0,0,0,0,0,0,1
THI_RS07960,0,0,0,0,0,0,0,1
TINT_RS06915,0,0,0,0,0,0,0,1
BVH73_RS14830,0,0,0,0,0,0,0,1
GO970_RS01150,0,0,0,0,0,0,0,1
GO948_RS17440,0,0,0,0,0,0,0,1
TOC7_RS01140,0,0,0,0,0,0,0,1
GO985_RS10900,0,0,0,0,0,0,0,1
THIX_RS02480,0,0,0,0,0,0,0,1
THI_RS00445,0,0,0,0,0,0,0,1
TINT_RS00415,0,0,0,0,0,0,0,1
BVH73_RS08955,0,0,0,0,0,0,0,1
GO970_RS09860,0,0,0,0,0,0,0,1
GO948_RS08780,0,0,0,0,0,0,0,1
TOC7_RS09870,0,0,0,0,0,0,0,1
GO985_RS02205,0,0,0,0,0,0,0,1
THIX_RS01435,0,0,0,0,0,0,0,1
THI_RS01585,0,0,0,0,0,0,0,1
TINT_RS01535,0,0,0,0,0,0,0,1
BVH73_RS05915,0,0,0,0,0,0,0,1
GO970_RS11050,0,0,0,0,0,0,0,1
GO948_RS07585,0,0,0,0,0,0,0,1
TOC7_RS11080,0,0,0,0,0,0,0,1
GO985_RS01010,0,0,0,0,0,0,0,1
THIX_RS04015,0,0,0,0,0,0,0,1
THI_RS02910,0,0,0,0,0,0,0,1
TINT_RS02590,0,0,0,0,0,0,0,1
BVH73_RS05585,0,0,0,0,0,0,0,1
GO970_RS12870,0,0,0,0,0,0,0,1
GO948_RS05775,0,0,0,0,0,0,0,1
TOC7_RS12930,0,0,0,0,0,0,0,1
GO985_RS17815,0,0,0,0,0,0,0,1
THIX_RS05010,0,0,0,0,0,0,0,1
THI_RS05200,0,0,0,0,0,0,0,1
TINT_RS04470,0,0,0,0,0,0,0,1
BVH73_RS12425,0,0,0,0,0,0,0,1
GO970_RS04435,0,0,0,0,0,0,0,1
GO948_RS14170,0,0,0,0,0,0,0,1
TOC7_RS04410,0,0,0,0,0,0,0,1
GO985_RS07625,0,0,0,0,0,0,0,1
THIX_RS05345,0,0,0,0,0,0,0,1
THI_RS06125,0,0,0,0,0,0,0,1
TINT_RS05305,0,0,0,0,0,0,0,1
BVH73_RS13005,0,0,0,0,0,0,0,1
GO970_RS03600,0,0,0,0,0,0,0,1
GO948_RS15005,0,0,0,0,0,0,0,1
TOC7_RS03575,0,0,0,0,0,0,0,1
GO985_RS08460,0,0,0,0,0,0,0,1
THIX_RS09510,0,0,0,0,0,0,0,1
THI_RS07515,0,0,0,0,0,0,0,1
TINT_RS06610,0,0,0,0,0,0,0,1
BVH73_RS14565,0,0,0,0,0,0,0,1
GO970_RS01445,0,0,0,0,0,0,0,1
GO948_RS17145,0,0,0,0,0,0,0,1
TOC7_RS01435,0,0,0,0,0,0,0,1
GO985_RS10605,0,0,0,0,0,0,0,1
THIX_RS06520,0,0,0,0,0,0,0,1
THI_RS00155,0,0,0,0,0,0,0,1
TINT_RS00165,0,0,0,0,0,0,0,1
BVH73_RS08665,0,0,0,0,0,0,0,1
GO970_RS09620,0,0,0,0,0,0,0,1
GO948_RS09020,0,0,0,0,0,0,0,1
TOC7_RS09630,0,0,0,0,0,0,0,1
GO985_RS02445,0,0,0,0,0,0,0,1
THIX_RS02625,0,0,0,0,0,0,0,1
THI_RS02495,0,0,0,0,0,0,0,1
TINT_RS02300,0,0,0,0,0,0,0,1
BVH73_RS02955,0,0,0,0,0,0,0,1
GO970_RS12625,0,0,0,0,0,0,0,1
GO948_RS06020,0,0,0,0,0,0,0,1
TOC7_RS12685,0,0,0,0,0,0,0,1
GO985_RS18060,0,0,0,0,0,0,0,1
THIX_RS06750,0,0,0,0,0,0,0,1
THI_RS02690,0,0,0,0,0,0,0,1
TINT_RS02485,0,0,0,0,0,0,0,1
BVH73_RS02710,0,0,0,0,0,0,0,1
GO970_RS12825,0,0,0,0,0,0,0,1
GO948_RS05820,0,0,0,0,0,0,0,1
TOC7_RS12885,0,0,0,0,0,0,0,1
GO985_RS17860,0,0,0,0,0,0,0,1
THIX_RS08935,0,0,0,0,0,0,0,1
THI_RS15250,0,0,0,0,0,0,0,1
TINT_RS13810,0,0,0,0,0,0,0,1
BVH73_RS06320,0,0,0,0,0,0,0,1
GO970_RS06910,0,0,0,0,0,0,0,1
GO948_RS11690,0,0,0,0,0,0,0,1
TOC7_RS06910,0,0,0,0,0,0,0,1
GO985_RS05160,0,0,0,0,0,0,0,1
THIX_RS04105,0,0,0,0,0,0,0,1
THI_RS03525,0,0,0,0,0,0,0,1
TINT_RS03035,0,0,0,0,0,0,0,1
BVH73_RS04965,0,0,0,0,0,0,0,1
GO970_RS13500,0,0,0,0,0,0,0,1
GO948_RS05145,0,0,0,0,0,0,0,1
TOC7_RS13560,0,0,0,0,0,0,0,1
GO985_RS17185,0,0,0,0,0,0,0,1
THIX_RS07940,0,0,0,0,0,0,0,1
THI_RS06495,0,0,0,0,0,0,0,1
TINT_RS05660,0,0,0,0,0,0,0,1
BVH73_RS00925,0,0,0,0,0,0,0,1
GO970_RS02420,0,0,0,0,0,0,0,1
GO948_RS16165,0,0,0,0,0,0,0,1
TOC7_RS02415,0,0,0,0,0,0,0,1
GO985_RS09625,0,0,0,0,0,0,0,1
THIX_RS08290,0,0,0,0,0,0,0,1
THI_RS06795,0,0,0,0,0,0,0,1
TINT_RS05850,0,0,0,0,0,0,0,1
BVH73_RS00655,0,0,0,0,0,0,0,1
GO970_RS02220,0,0,0,0,0,0,0,1
GO948_RS16370,0,0,0,0,0,0,0,1
TOC7_RS02210,0,0,0,0,0,0,0,1
GO985_RS09830,0,0,0,0,0,0,0,1
THIX_RS00885,0,0,0,0,0,0,0,1
THI_RS12730,0,0,0,0,0,0,0,1
TINT_RS11910,0,0,0,0,0,0,0,1
BVH73_RS11410,0,0,0,0,0,0,0,1
GO970_RS14690,0,0,0,0,0,0,0,1
GO948_RS03985,0,0,0,0,0,0,0,1
TOC7_RS14790,0,0,0,0,0,0,0,1
GO985_RS16005,0,0,0,0,0,0,0,1
THIX_RS07130,0,0,0,0,0,0,0,1
THI_RS11360,0,0,0,0,0,0,0,1
TINT_RS10710,0,0,0,0,0,0,0,1
BVH73_RS02460,0,0,0,0,0,0,0,1
GO970_RS15860,0,0,0,0,0,0,0,1
GO948_RS02815,0,0,0,0,0,0,0,1
TOC7_RS15960,0,0,0,0,0,0,0,1
GO985_RS14835,0,0,0,0,0,0,0,1
THIX_RS17500,0,0,0,0,0,0,0,1
THI_RS08585,0,0,0,0,0,0,0,1
TINT_RS07405,0,0,0,0,0,0,0,1
BVH73_RS15325,0,0,0,0,0,0,0,1
GO970_RS00540,0,0,0,0,0,0,0,1
GO948_RS18050,0,0,0,0,0,0,0,1
TOC7_RS00530,0,0,0,0,0,0,0,1
GO985_RS11505,0,0,0,0,0,0,0,1
THIX_RS12745,0,0,0,0,0,0,0,1
THI_RS11175,0,0,0,0,0,0,0,1
TINT_RS10525,0,0,0,0,0,0,0,1
BVH73_RS02275,0,0,0,0,0,0,0,1
GO970_RS16045,0,0,0,0,0,0,0,1
GO948_RS02630,0,0,0,0,0,0,0,1
TOC7_RS16145,0,0,0,0,0,0,0,1
GO985_RS14650,0,0,0,0,0,0,0,1
THIX_RS10380,0,0,0,0,0,0,0,1
THI_RS11310,0,0,0,0,0,0,0,1
TINT_RS10660,0,0,0,0,0,0,0,1
BVH73_RS02410,0,0,0,0,0,0,0,1
GO970_RS15910,0,0,0,0,0,0,0,1
GO948_RS02765,0,0,0,0,0,0,0,1
TOC7_RS16010,0,0,0,0,0,0,0,1
GO985_RS14785,0,0,0,0,0,0,0,1
THIX_RS17445,0,0,0,0,0,0,0,1
THI_RS13505,0,0,0,0,0,0,0,1
TINT_RS12675,0,0,0,0,0,0,0,1
BVH73_RS10795,0,0,0,0,0,0,0,1
GO970_RS05795,0,0,0,0,0,0,0,1
GO948_RS12805,0,0,0,0,0,0,0,1
TOC7_RS05795,0,0,0,0,0,0,0,1
GO985_RS06275,0,0,0,0,0,0,0,1
THIX_RS07310,0,0,0,0,0,0,0,1
THI_RS15825,0,0,0,0,0,0,0,1
TINT_RS14370,0,0,0,0,0,0,0,1
BVH73_RS06940,0,0,0,0,0,0,0,1
GO970_RS07480,0,0,0,0,0,0,0,1
GO948_RS11120,0,0,0,0,0,0,0,1
TOC7_RS07495,0,0,0,0,0,0,0,1
GO985_RS04585,0,0,0,0,0,0,0,1
THIX_RS20620,0,0,0,0,0,0,0,1
THI_RS00765,0,0,0,0,0,0,0,1
TINT_RS00740,0,0,0,0,0,0,0,1
BVH73_RS09315,0,0,0,0,0,0,0,1
GO970_RS10110,0,0,0,0,0,0,0,1
GO948_RS08530,0,0,0,0,0,0,0,1
TOC7_RS10120,0,0,0,0,0,0,0,1
GO985_RS01955,0,0,0,0,0,0,0,1
THIX_RS02690,0,0,0,0,0,0,0,1
THI_RS03410,0,0,0,0,0,0,0,1
TINT_RS02920,0,0,0,0,0,0,0,1
BVH73_RS05090,0,0,0,0,0,0,0,1
GO970_RS13360,0,0,0,0,0,0,0,1
GO948_RS05285,0,0,0,0,0,0,0,1
TOC7_RS13420,0,0,0,0,0,0,0,1
GO985_RS17325,0,0,0,0,0,0,0,1
THIX_RS20445,0,0,0,0,0,0,0,1
THI_RS04645,0,0,0,0,0,0,0,1
TINT_RS03945,0,0,0,0,0,0,0,1
BVH73_RS04065,0,0,0,0,0,0,0,1
GO970_RS04980,0,0,0,0,0,0,0,1
GO948_RS13625,0,0,0,0,0,0,0,1
TOC7_RS04955,0,0,0,0,0,0,0,1
GO985_RS07080,0,0,0,0,0,0,0,1
THIX_RS07585,0,0,0,0,0,0,0,1
THI_RS07020,0,0,0,0,0,0,0,1
TINT_RS06070,0,0,0,0,0,0,0,1
BVH73_RS00415,0,0,0,0,0,0,0,1
GO970_RS02000,0,0,0,0,0,0,0,1
GO948_RS16590,0,0,0,0,0,0,0,1
TOC7_RS01990,0,0,0,0,0,0,0,1
GO985_RS10050,0,0,0,0,0,0,0,1
THIX_RS00610,0,0,0,0,0,0,0,1
THI_RS11685,0,0,0,0,0,0,0,1
TINT_RS11045,0,0,0,0,0,0,0,1
BVH73_RS03630,0,0,0,0,0,0,0,1
GO970_RS15565,0,0,0,0,0,0,0,1
GO948_RS03110,0,0,0,0,0,0,0,1
TOC7_RS15665,0,0,0,0,0,0,0,1
GO985_RS15130,0,0,0,0,0,0,0,1
THIX_RS19900,0,0,0,0,0,0,0,1
THI_RS09585,0,0,0,0,0,0,0,1
TINT_RS08410,0,0,0,0,0,0,0,1
BVH73_RS13935,0,0,0,0,0,0,0,1
GO970_RS18440,0,0,0,0,0,0,0,1
GO948_RS00230,0,0,0,0,0,0,0,1
TOC7_RS18555,0,0,0,0,0,0,0,1
GO985_RS12255,0,0,0,0,0,0,0,1
THIX_RS16845,0,0,0,0,0,0,0,1
THI_RS13550,0,0,0,0,0,0,0,1
TINT_RS12720,0,0,0,0,0,0,0,1
BVH73_RS10750,0,0,0,0,0,0,0,1
GO970_RS05840,0,0,0,0,0,0,0,1
GO948_RS12760,0,0,0,0,0,0,0,1
TOC7_RS05840,0,0,0,0,0,0,0,1
GO985_RS06230,0,0,0,0,0,0,0,1
THIX_RS07265,0,0,0,0,0,0,0,1
THI_RS09305,0,0,0,0,0,0,0,1
TINT_RS08250,0,0,0,0,0,0,0,1
BVH73_RS14140,0,0,0,0,0,0,0,1
GO970_RS00285,0,0,0,0,0,0,0,1
GO948_RS18305,0,0,0,0,0,0,0,1
TOC7_RS00270,0,0,0,0,0,0,0,1
GO985_RS11760,0,0,0,0,0,0,0,1
THIX_RS17685,0,0,0,0,0,0,0,1
THI_RS12390,0,0,0,0,0,0,0,1
TINT_RS11635,0,0,0,0,0,0,0,1
BVH73_RS11685,0,0,0,0,0,0,0,1
GO970_RS14965,0,0,0,0,0,0,0,1
GO948_RS03710,0,0,0,0,0,0,0,1
TOC7_RS15065,0,0,0,0,0,0,0,1
GO985_RS15730,0,0,0,0,0,0,0,1
THIX_RS06265,0,0,0,0,0,0,0,1
THI_RS17620,0,0,0,0,0,0,0,1
TINT_RS16015,0,0,0,0,0,0,0,1
BVH73_RS08240,0,0,0,0,0,0,0,1
GO970_RS09300,0,0,0,0,0,0,0,1
GO948_RS09315,0,0,0,0,0,0,0,1
TOC7_RS09315,0,0,0,0,0,0,0,1
GO985_RS02760,0,0,0,0,0,0,0,1
THIX_RS02020,0,0,0,0,0,0,0,1
THI_RS10620,0,0,0,0,0,0,0,1
TINT_RS09415,0,0,0,0,0,0,0,1
BVH73_RS01505,0,0,0,0,0,0,0,1
GO970_RS03160,0,0,0,0,0,0,0,1
GO948_RS15425,0,0,0,0,0,0,0,1
TOC7_RS03155,0,0,0,0,0,0,0,1
GO985_RS08885,0,0,0,0,0,0,0,1
THIX_RS15055,0,0,0,0,0,0,0,1
THI_RS13930,0,0,0,0,0,0,0,1
TINT_RS13100,0,0,0,0,0,0,0,1
BVH73_RS10360,0,0,0,0,0,0,0,1
GO970_RS06225,0,0,0,0,0,0,0,1
GO948_RS12375,0,0,0,0,0,0,0,1
TOC7_RS06225,0,0,0,0,0,0,0,1
GO985_RS05845,0,0,0,0,0,0,0,1
THIX_RS20560,0,0,0,0,0,0,0,1
THI_RS04850,0,0,0,0,0,0,0,1
TINT_RS04135,0,0,0,0,0,0,0,1
BVH73_RS03875,0,0,0,0,0,0,0,1
GO970_RS04785,0,0,0,0,0,0,0,1
GO948_RS13820,0,0,0,0,0,0,0,1
TOC7_RS04760,0,0,0,0,0,0,0,1
GO985_RS07275,0,0,0,0,0,0,0,1
THIX_RS20180,0,0,0,0,0,0,0,1
THI_RS08175,0,0,0,0,0,0,0,1
TINT_RS08095,0,0,0,0,0,0,0,1
BVH73_RS15050,0,0,0,0,0,0,0,1
GO970_RS00945,0,0,0,0,0,0,0,1
GO948_RS17645,0,0,0,0,0,0,0,1
TOC7_RS00935,0,0,0,0,0,0,0,1
GO985_RS11105,0,0,0,0,0,0,0,1
THIX_RS09865,0,0,0,0,0,0,0,1
THI_RS15600,0,0,0,0,0,0,0,1
TINT_RS14160,0,0,0,0,0,0,0,1
BVH73_RS06710,0,0,0,0,0,0,0,1
GO970_RS07270,0,0,0,0,0,0,0,1
GO948_RS11330,0,0,0,0,0,0,0,1
TOC7_RS07285,0,0,0,0,0,0,0,1
GO985_RS04795,0,0,0,0,0,0,0,1
THIX_RS01895,0,0,0,0,0,0,0,1
THI_RS06295,0,0,0,0,0,0,0,1
TINT_RS12215,0,0,0,0,0,0,0,1
BVH73_RS02635,0,0,0,0,0,0,0,1
GO970_RS12790,0,0,0,0,0,0,0,1
GO948_RS05855,0,0,0,0,0,0,0,1
TOC7_RS12850,0,0,0,0,0,0,0,1
GO985_RS17895,0,0,0,0,0,0,0,1
THIX_RS04380,0,0,0,0,0,0,0,1
THI_RS07075,0,0,0,0,0,0,0,1
TINT_RS06165,0,0,0,0,0,0,0,1
BVH73_RS00320,0,0,0,0,0,0,0,1
GO970_RS01905,0,0,0,0,0,0,0,1
GO948_RS16685,0,0,0,0,0,0,0,1
TOC7_RS01895,0,0,0,0,0,0,0,1
GO985_RS10145,0,0,0,0,0,0,0,1
THIX_RS00850,0,0,0,0,0,0,0,1
THI_RS07205,0,0,0,0,0,0,0,1
TINT_RS06305,0,0,0,0,0,0,0,1
BVH73_RS14330,0,0,0,0,0,0,0,1
GO970_RS01765,0,0,0,0,0,0,0,1
GO948_RS16825,0,0,0,0,0,0,0,1
TOC7_RS01755,0,0,0,0,0,0,0,1
GO985_RS10285,0,0,0,0,0,0,0,1
THIX_RS07395,0,0,0,0,0,0,0,1
THI_RS14725,0,0,0,0,0,0,0,1
TINT_RS13335,0,0,0,0,0,0,0,1
BVH73_RS02555,0,0,0,0,0,0,0,1
GO970_RS06455,0,0,0,0,0,0,0,1
GO948_RS12145,0,0,0,0,0,0,0,1
TOC7_RS06455,0,0,0,0,0,0,0,1
GO985_RS05615,0,0,0,0,0,0,0,1
THIX_RS18185,0,0,0,0,0,0,0,1
THI_RS00015,0,0,0,0,0,0,0,1
TINT_RS00025,0,0,0,0,0,0,0,1
BVH73_RS08270,0,0,0,0,0,0,0,1
GO970_RS09330,0,0,0,0,0,0,0,1
GO948_RS09285,0,0,0,0,0,0,0,1
TOC7_RS09345,0,0,0,0,0,0,0,1
GO985_RS02730,0,0,0,0,0,0,0,1
THIX_RS01990,0,0,0,0,0,0,0,1
THI_RS00805,0,0,0,0,0,0,0,1
TINT_RS00780,0,0,0,0,0,0,0,1
BVH73_RS09380,0,0,0,0,0,0,0,1
GO970_RS10165,0,0,0,0,0,0,0,1
GO948_RS08475,0,0,0,0,0,0,0,1
TOC7_RS10190,0,0,0,0,0,0,0,1
GO985_RS01900,0,0,0,0,0,0,0,1
THIX_RS17890,0,0,0,0,0,0,0,1
THI_RS06895,0,0,0,0,0,0,0,1
TINT_RS05940,0,0,0,0,0,0,0,1
BVH73_RS00555,0,0,0,0,0,0,0,1
GO970_RS02130,0,0,0,0,0,0,0,1
GO948_RS16460,0,0,0,0,0,0,0,1
TOC7_RS02120,0,0,0,0,0,0,0,1
GO985_RS09920,0,0,0,0,0,0,0,1
THIX_RS00735,0,0,0,0,0,0,0,1
THI_RS12045,0,0,0,0,0,0,0,1
TINT_RS11290,0,0,0,0,0,0,0,1
BVH73_RS12030,0,0,0,0,0,0,0,1
GO970_RS15315,0,0,0,0,0,0,0,1
GO948_RS03360,0,0,0,0,0,0,0,1
TOC7_RS15415,0,0,0,0,0,0,0,1
GO985_RS15380,0,0,0,0,0,0,0,1
THIX_RS09985,0,0,0,0,0,0,0,1
THI_RS12320,0,0,0,0,0,0,0,1
TINT_RS11565,0,0,0,0,0,0,0,1
BVH73_RS11755,0,0,0,0,0,0,0,1
GO970_RS15035,0,0,0,0,0,0,0,1
GO948_RS03640,0,0,0,0,0,0,0,1
TOC7_RS15135,0,0,0,0,0,0,0,1
GO985_RS15660,0,0,0,0,0,0,0,1
THIX_RS06335,0,0,0,0,0,0,0,1
THI_RS14655,0,0,0,0,0,0,0,1
TINT_RS13270,0,0,0,0,0,0,0,1
BVH73_RS02620,0,0,0,0,0,0,0,1
GO970_RS06390,0,0,0,0,0,0,0,1
GO948_RS12210,0,0,0,0,0,0,0,1
TOC7_RS06390,0,0,0,0,0,0,0,1
GO985_RS05680,0,0,0,0,0,0,0,1
THIX_RS08960,0,0,0,0,0,0,0,1
THI_RS01425,0,0,0,0,0,0,0,1
TINT_RS01365,0,0,0,0,0,0,0,1
BVH73_RS06020,0,0,0,0,0,0,0,1
GO970_RS10880,0,0,0,0,0,0,0,1
GO948_RS07755,0,0,0,0,0,0,0,1
TOC7_RS10910,0,0,0,0,0,0,0,1
GO985_RS01180,0,0,0,0,0,0,0,1
THIX_RS17870,0,0,0,0,0,0,0,1
THI_RS06680,0,0,0,0,0,0,0,1
TINT_RS05735,0,0,0,0,0,0,0,1
BVH73_RS00780,0,0,0,0,0,0,0,1
GO970_RS02335,0,0,0,0,0,0,0,1
GO948_RS16255,0,0,0,0,0,0,0,1
TOC7_RS02325,0,0,0,0,0,0,0,1
GO985_RS09715,0,0,0,0,0,0,0,1
THIX_RS11435,0,0,0,0,0,0,0,1
THI_RS15700,0,0,0,0,0,0,0,1
TINT_RS14255,0,0,0,0,0,0,0,1
BVH73_RS06795,0,0,0,0,0,0,0,1
GO970_RS07365,0,0,0,0,0,0,0,1
GO948_RS11235,0,0,0,0,0,0,0,1
TOC7_RS07380,0,0,0,0,0,0,0,1
GO985_RS04700,0,0,0,0,0,0,0,1
THIX_RS05535,0,0,0,0,0,0,0,1
THI_RS06740,0,0,0,0,0,0,0,1
TINT_RS05795,0,0,0,0,0,0,0,1
BVH73_RS00710,0,0,0,0,0,0,0,1
GO970_RS02280,0,0,0,0,0,0,0,1
GO948_RS16310,0,0,0,0,0,0,0,1
TOC7_RS02270,0,0,0,0,0,0,0,1
GO985_RS09770,0,0,0,0,0,0,0,1
THIX_RS00955,0,0,0,0,0,0,0,1
THI_RS07590,0,0,0,0,0,0,0,1
TINT_RS06690,0,0,0,0,0,0,0,1
BVH73_RS14655,0,0,0,0,0,0,0,1
GO970_RS01370,0,0,0,0,0,0,0,1
GO948_RS17220,0,0,0,0,0,0,0,1
TOC7_RS01360,0,0,0,0,0,0,0,1
GO985_RS10680,0,0,0,0,0,0,0,1
THIX_RS18715,0,0,0,0,0,0,0,1
THI_RS04105,0,0,0,0,0,0,0,1
TINT_RS03595,0,0,0,0,0,0,0,1
BVH73_RS04450,0,0,0,0,0,0,0,1
GO970_RS14055,0,0,0,0,0,0,0,1
GO948_RS04590,0,0,0,0,0,0,0,1
TOC7_RS14115,0,0,0,0,0,0,0,1
GO985_RS16630,0,0,0,0,0,0,0,1
THIX_RS07560,0,0,0,0,0,0,0,1
THI_RS05070,0,0,0,0,0,0,0,1
TINT_RS04340,0,0,0,0,0,0,0,1
BVH73_RS03710,0,0,0,0,0,0,0,1
GO970_RS04580,0,0,0,0,0,0,0,1
GO948_RS14025,0,0,0,0,0,0,0,1
TOC7_RS04555,0,0,0,0,0,0,0,1
GO985_RS07480,0,0,0,0,0,0,0,1
THIX_RS19985,0,0,0,0,0,0,0,1
THI_RS05850,0,0,0,0,0,0,0,1
TINT_RS05125,0,0,0,0,0,0,0,1
BVH73_RS13225,0,0,0,0,0,0,0,1
GO970_RS03780,0,0,0,0,0,0,0,1
GO948_RS14825,0,0,0,0,0,0,0,1
TOC7_RS03755,0,0,0,0,0,0,0,1
GO985_RS08280,0,0,0,0,0,0,0,1
THIX_RS06865,0,0,0,0,0,0,0,1
THI_RS12525,0,0,0,0,0,0,0,1
TINT_RS11770,0,0,0,0,0,0,0,1
BVH73_RS11550,0,0,0,0,1,0,0,0
GO970_RS14830,0,0,0,0,1,0,0,0
GO948_RS03845,0,0,0,0,1,0,0,0
TOC7_RS14930,0,0,0,0,1,0,0,0
GO985_RS15865,0,0,0,0,1,0,0,0
THIX_RS19655,0,0,0,0,1,0,0,0
THI_RS13880,0,0,0,0,1,0,0,0
TINT_RS13050,0,0,0,0,1,0,0,0
BVH73_RS10415,0,0,0,0,1,0,0,0
GO970_RS06170,0,0,0,0,1,0,0,0
GO948_RS12430,0,0,0,0,1,0,0,0
TOC7_RS06170,0,0,0,0,1,0,0,0
GO985_RS05900,0,0,0,0,1,0,0,0
THIX_RS20505,0,0,0,0,1,0,0,0
THI_RS16010,0,0,0,0,1,0,0,0
TINT_RS14555,0,0,0,0,1,0,0,0
BVH73_RS07125,0,0,0,0,1,0,0,0
GO970_RS07665,0,0,0,0,0,0,1,0
GO948_RS10935,0,0,0,0,0,0,1,0
TOC7_RS07685,0,0,0,0,0,0,1,0
GO985_RS04400,0,0,0,0,0,0,1,0
THIX_RS21465,0,0,0,0,0,0,1,0
THI_RS05045,0,0,0,0,0,0,1,0
TINT_RS04315,0,0,0,0,0,0,1,0
BVH73_RS03735,0,0,0,0,0,0,1,0
GO970_RS04605,0,0,0,0,0,0,1,0
GO948_RS14000,0,0,0,0,0,0,1,0
TOC7_RS04580,0,0,0,0,0,0,1,0
GO985_RS07455,0,0,0,0,0,0,1,0
THIX_RS20010,0,0,0,0,0,0,1,0
THI_RS08360,0,0,0,0,0,0,1,0
TINT_RS07180,0,0,0,0,0,0,1,0
BVH73_RS15190,0,0,0,0,0,0,1,0
GO970_RS00775,0,0,0,0,0,0,1,0
GO948_RS17815,0,0,0,0,0,0,1,0
TOC7_RS00765,0,0,0,0,0,0,1,0
GO985_RS11275,0,0,0,0,0,0,1,0
THIX_RS16750,0,0,0,0,0,0,1,0
THI_RS10600,0,0,0,0,0,0,1,0
TINT_RS09395,0,0,0,0,0,0,1,0
BVH73_RS01485,0,0,0,0,0,0,1,0
GO970_RS03140,0,0,0,0,0,0,1,0
GO948_RS15445,0,0,0,0,0,0,1,0
TOC7_RS03135,0,0,0,0,0,0,1,0
GO985_RS08905,0,0,0,0,0,0,1,0
THIX_RS13255,0,0,0,0,0,0,1,0
THI_RS11080,0,0,0,0,0,0,1,0
TINT_RS10430,0,0,0,0,0,0,1,0
BVH73_RS02180,0,0,0,0,0,0,1,0
GO970_RS16150,0,0,0,0,0,0,1,0
GO948_RS02525,0,0,0,0,0,0,1,0
TOC7_RS16250,0,0,0,0,0,0,1,0
GO985_RS14545,0,0,0,0,0,0,1,0
THIX_RS18695,0,0,0,0,0,0,1,0
THI_RS17125,0,0,0,0,0,0,1,0
TINT_RS15575,0,0,0,0,0,0,1,0
BVH73_RS07755,0,0,0,0,0,0,1,0
GO970_RS08930,0,0,0,0,0,0,1,0
GO948_RS09685,0,0,0,0,0,0,1,0
TOC7_RS08945,0,0,0,0,0,0,1,0
GO985_RS03130,0,0,0,0,0,0,1,0
THIX_RS21255,0,0,0,0,0,0,1,0
THI_RS11370,0,0,0,0,0,0,1,0
TINT_RS10720,0,0,0,0,0,0,1,0
BVH73_RS02470,0,0,0,0,0,0,1,0
GO970_RS15835,0,0,0,0,0,0,1,0
GO948_RS02840,0,0,0,0,0,0,1,0
TOC7_RS15935,0,0,0,0,0,0,1,0
GO985_RS14860,0,0,0,0,0,0,1,0
THIX_RS01720,0,0,0,0,0,0,1,0
THI_RS01725,0,0,0,0,0,0,1,0
TINT_RS01685,0,0,0,0,0,0,1,0
BVH73_RS05875,0,0,0,0,0,0,1,0
GO970_RS11265,0,0,0,0,0,0,1,0
GO948_RS07365,0,0,0,0,0,0,1,0
TOC7_RS11320,0,0,0,0,0,0,1,0
GO985_RS00795,0,0,0,0,0,0,1,0
THIX_RS05710,0,0,0,0,0,0,1,0
THI_RS05700,0,0,0,0,0,0,1,0
TINT_RS04960,0,0,0,0,0,0,1,0
BVH73_RS12875,0,0,0,0,0,0,1,0
GO970_RS03935,0,0,0,0,0,0,1,0
GO948_RS14670,0,0,0,0,0,0,1,0
TOC7_RS03910,0,0,0,0,0,0,1,0
GO985_RS08125,0,0,0,0,0,0,1,0
THIX_RS19150,0,0,0,0,0,0,1,0
THI_RS05885,0,0,0,0,0,0,1,0
TINT_RS05160,0,0,0,0,0,0,1,0
BVH73_RS13260,0,0,0,0,0,0,1,0
GO970_RS03745,0,0,0,0,0,0,1,0
GO948_RS14860,0,0,0,0,0,0,1,0
TOC7_RS03720,0,0,0,0,0,0,1,0
GO985_RS08315,0,0,0,0,0,0,1,0
THIX_RS13295,0,0,0,0,0,0,1,0
THI_RS08030,0,0,0,0,0,0,1,0
TINT_RS06985,0,0,0,0,0,0,1,0
BVH73_RS14900,0,0,0,0,0,0,1,0
GO970_RS01085,0,0,0,0,0,0,1,0
GO948_RS17505,0,0,0,0,0,0,1,0
TOC7_RS01075,0,0,0,0,0,0,1,0
GO985_RS10965,0,0,0,0,0,0,1,0
THIX_RS14975,0,0,0,0,0,0,1,0
THI_RS08380,0,0,0,0,0,0,1,0
TINT_RS07200,0,0,0,0,0,0,1,0
BVH73_RS15210,0,0,0,0,0,0,1,0
GO970_RS00755,0,0,0,0,0,0,1,0
GO948_RS17835,0,0,0,0,0,0,1,0
TOC7_RS00745,0,0,0,0,0,0,1,0
GO985_RS11295,0,0,0,0,0,0,1,0
THIX_RS11515,0,0,0,0,0,0,1,0
THI_RS01990,0,0,0,0,0,0,1,0
TINT_RS02025,0,0,0,0,0,0,1,0
BVH73_RS03290,0,0,0,0,0,0,1,0
GO970_RS11540,0,0,0,0,0,0,1,0
GO948_RS07090,0,0,0,0,0,0,1,0
TOC7_RS11595,0,0,0,0,0,0,1,0
GO985_RS00520,0,0,0,0,0,0,1,0
THIX_RS08510,0,0,0,0,0,0,1,0
THI_RS02675,0,0,0,0,0,0,1,0
TINT_RS02470,0,0,0,0,0,0,1,0
BVH73_RS02720,0,0,0,0,0,0,1,0
GO970_RS12810,0,0,0,0,0,0,1,0
GO948_RS05835,0,0,0,0,0,0,1,0
TOC7_RS12870,0,0,0,0,0,0,1,0
GO985_RS17875,0,0,0,0,0,0,1,0
THIX_RS08930,0,0,0,0,0,0,1,0
THI_RS05325,0,0,0,0,0,0,1,0
TINT_RS04585,0,0,0,0,0,0,1,0
BVH73_RS12530,0,0,0,0,0,0,1,0
GO970_RS04310,0,0,0,0,0,0,1,0
GO948_RS14295,0,0,0,0,0,0,1,0
TOC7_RS04285,0,0,0,0,0,0,1,0
GO985_RS07750,0,0,0,0,0,0,1,0
THIX_RS03965,0,0,0,0,0,0,1,0
THI_RS12425,0,0,0,0,0,0,1,0
TINT_RS11670,0,0,0,0,0,0,1,0
BVH73_RS11650,0,0,0,0,0,0,1,0
GO970_RS14930,0,0,0,0,0,0,1,0
GO948_RS03745,0,0,0,0,0,0,1,0
TOC7_RS15030,0,0,0,0,0,0,1,0
GO985_RS15765,0,0,0,0,0,0,1,0
THIX_RS06235,0,0,0,0,0,0,1,0
THI_RS01405,0,0,0,0,0,0,1,0
TINT_RS01315,0,0,0,0,0,0,1,0
BVH73_RS06055,0,0,0,0,0,0,1,0
GO970_RS10850,0,0,0,0,0,0,1,0
GO948_RS07785,0,0,0,0,0,0,1,0
TOC7_RS10880,0,0,0,0,0,0,1,0
GO985_RS01210,0,0,0,0,0,0,1,0
THIX_RS18335,0,0,0,0,0,0,1,0
THI_RS13480,0,0,0,0,0,0,1,0
TINT_RS12650,0,0,0,0,0,0,1,0
BVH73_RS10820,0,0,0,0,0,0,1,0
GO970_RS05770,0,0,0,0,0,0,1,0
GO948_RS12830,0,0,0,0,0,0,1,0
TOC7_RS05770,0,0,0,0,0,0,1,0
GO985_RS06300,0,0,0,0,0,0,1,0
THIX_RS19750,0,0,0,0,0,0,1,0
THI_RS01250,0,0,0,0,0,0,1,0
TINT_RS01160,0,0,0,0,0,0,1,0
BVH73_RS09690,0,0,0,0,0,0,1,0
GO970_RS10605,0,0,0,0,0,0,1,0
GO948_RS08030,0,0,0,0,0,0,1,0
TOC7_RS10635,0,0,0,0,0,0,1,0
GO985_RS01455,0,0,0,0,0,0,1,0
THIX_RS02440,0,0,0,0,0,0,1,0
THI_RS01830,0,0,0,0,0,0,1,0
TINT_RS01790,0,0,0,0,0,0,1,0
BVH73_RS05765,0,0,0,0,0,0,1,0
GO970_RS11370,0,0,0,0,0,0,1,0
GO948_RS07260,0,0,0,0,0,0,1,0
TOC7_RS11425,0,0,0,0,0,0,1,0
GO985_RS00690,0,0,0,0,0,0,1,0
THIX_RS04770,0,0,0,0,0,0,1,0
THI_RS05430,0,0,0,0,0,0,1,0
TINT_RS04690,0,0,0,0,0,0,1,0
BVH73_RS12660,0,0,0,0,0,0,1,0
GO970_RS04205,0,0,0,0,0,0,1,0
GO948_RS14400,0,0,0,0,0,0,1,0
TOC7_RS04180,0,0,0,0,0,0,1,0
GO985_RS07855,0,0,0,0,0,0,1,0
THIX_RS06935,0,0,0,0,0,0,1,0
THI_RS13405,0,0,0,0,0,0,1,0
TINT_RS12580,0,0,0,0,0,0,1,0
BVH73_RS10890,0,0,0,0,0,0,1,0
GO970_RS05700,0,0,0,0,0,0,1,0
GO948_RS12900,0,0,0,0,0,0,1,0
TOC7_RS05700,0,0,0,0,0,0,1,0
GO985_RS06370,0,0,0,0,0,0,1,0
THIX_RS06715,0,0,0,0,0,0,1,0
THI_RS00530,0,0,0,0,0,0,1,0
TINT_RS00500,0,0,0,0,0,0,1,0
BVH73_RS09040,0,0,0,0,0,0,1,0
GO970_RS09945,0,0,0,0,0,0,1,0
GO948_RS08695,0,0,0,0,0,0,1,0
TOC7_RS09955,0,0,0,0,0,0,1,0
GO985_RS02120,0,0,0,0,0,0,1,0
THIX_RS01555,0,0,0,0,0,0,1,0
THI_RS09815,0,0,0,0,0,0,1,0
TINT_RS08635,0,0,0,0,0,0,1,0
BVH73_RS13695,0,0,0,0,0,0,1,0
GO970_RS18210,0,0,0,0,0,0,1,0
GO948_RS00460,0,0,0,0,0,0,1,0
TOC7_RS18325,0,0,0,0,0,0,1,0
GO985_RS12485,0,0,0,0,0,0,1,0
THIX_RS09685,0,0,0,0,0,0,1,0
THI_RS12095,0,0,0,0,0,0,1,0
TINT_RS11340,0,0,0,0,0,0,1,0
BVH73_RS11980,0,0,0,0,0,0,1,0
GO970_RS15265,0,0,0,0,0,0,1,0
GO948_RS03410,0,0,0,0,0,0,1,0
TOC7_RS15365,0,0,0,0,0,0,1,0
GO985_RS15430,0,0,0,0,0,0,1,0
THIX_RS09935,0,0,1,0,0,0,0,0
THI_RS03980,0,0,1,0,0,0,0,0
TINT_RS03445,0,0,1,0,0,0,0,0
BVH73_RS04570,0,0,1,0,0,0,0,0
GO970_RS13930,0,0,1,0,0,0,0,0
GO948_RS04715,0,0,1,0,0,0,0,0
TOC7_RS13990,0,0,1,0,0,0,0,0
GO985_RS16755,0,0,1,0,0,0,0,0
THIX_RS18250,0,0,1,0,0,0,0,0
THI_RS07060,0,0,1,0,0,0,0,0
TINT_RS06110,0,0,1,0,0,0,0,0
BVH73_RS00375,0,0,1,0,0,0,0,0
GO970_RS01960,0,0,1,0,0,0,0,0
GO948_RS16630,0,0,1,0,0,0,0,0
TOC7_RS01950,0,0,1,0,0,0,0,0
GO985_RS10090,0,0,1,0,0,0,0,0
THIX_RS00570,0,0,1,0,0,0,0,0
THI_RS08370,0,0,1,0,0,0,0,0
TINT_RS07190,0,0,1,0,0,0,0,0
BVH73_RS15200,0,0,1,0,0,0,0,0
GO970_RS00765,0,0,1,0,0,0,0,0
GO948_RS17825,0,0,1,0,0,0,0,0
TOC7_RS00755,0,0,1,0,0,0,0,0
GO985_RS11285,0,0,1,0,0,0,0,0
THIX_RS16740,0,0,1,0,0,0,0,0
THI_RS13910,0,0,1,0,0,0,0,0
TINT_RS13080,0,0,1,0,0,0,0,0
BVH73_RS10385,0,0,1,0,0,0,0,0
GO970_RS06200,0,0,1,0,0,0,0,0
GO948_RS12400,0,0,1,0,0,0,0,0
TOC7_RS06200,0,0,1,0,0,0,0,0
GO985_RS05870,0,0,1,0,0,0,0,0
THIX_RS20535,0,0,1,0,0,0,0,0
THI_RS12980,0,0,1,0,0,0,0,0
TINT_RS12160,0,0,1,0,0,0,0,0
BVH73_RS11180,0,0,1,0,0,0,0,0
GO970_RS14440,0,0,1,0,0,0,0,0
GO948_RS04235,0,0,1,0,0,0,0,0
TOC7_RS14540,0,0,1,0,0,0,0,0
GO985_RS16255,0,0,1,0,0,0,0,0
THIX_RS07735,0,0,1,0,0,0,0,0
THI_RS15840,0,0,1,0,0,0,0,0
TINT_RS14385,0,0,1,0,0,0,0,0
BVH73_RS06955,0,0,1,0,0,0,0,0
GO970_RS07495,0,0,1,0,0,0,0,0
GO948_RS11105,0,0,1,0,0,0,0,0
TOC7_RS07510,0,0,1,0,0,0,0,0
GO985_RS04570,0,0,1,0,0,0,0,0
THIX_RS20635,0,0,1,0,0,0,0,0
THI_RS12445,0,0,1,0,0,0,0,0
TINT_RS11690,0,0,1,0,0,0,0,0
BVH73_RS11630,0,0,1,0,0,0,0,0
GO970_RS14910,0,0,1,0,0,0,0,0
GO948_RS03765,0,0,1,0,0,0,0,0
TOC7_RS15010,0,0,1,0,0,0,0,0
GO985_RS15785,0,0,1,0,0,0,0,0
THIX_RS06225,0,0,1,0,0,0,0,0
THI_RS00035,0,0,1,0,0,0,0,0
TINT_RS00045,0,0,1,0,0,0,0,0
BVH73_RS08500,0,0,1,0,0,0,0,0
GO970_RS09500,0,0,1,0,0,0,0,0
GO948_RS09140,0,0,1,0,0,0,0,0
TOC7_RS09510,0,0,1,0,0,0,0,0
GO985_RS02565,0,0,1,0,0,0,0,0
THIX_RS04480,0,0,1,0,0,0,0,0
THI_RS05150,0,0,1,0,0,0,0,0
TINT_RS04420,0,0,1,0,0,0,0,0
BVH73_RS12375,0,0,1,0,0,0,0,0
GO970_RS04495,0,0,1,0,0,0,0,0
GO948_RS14110,0,0,1,0,0,0,0,0
TOC7_RS04470,0,0,1,0,0,0,0,0
GO985_RS07565,0,0,1,0,0,0,0,0
THIX_RS06705,0,0,1,0,0,0,0,0
THI_RS05525,0,0,1,0,0,0,0,0
TINT_RS04785,0,0,1,0,0,0,0,0
BVH73_RS12750,0,0,1,0,0,0,0,0
GO970_RS04120,0,0,1,0,0,0,0,0
GO948_RS14485,0,0,1,0,0,0,0,0
TOC7_RS04095,0,0,1,0,0,0,0,0
GO985_RS07940,0,0,1,0,0,0,0,0
THIX_RS18340,0,0,1,0,0,0,0,0
THI_RS09545,0,0,1,0,0,0,0,0
TINT_RS08370,0,0,1,0,0,0,0,0
BVH73_RS13975,0,0,1,0,0,0,0,0
GO970_RS18480,0,0,1,0,0,0,0,0
GO948_RS00190,0,0,1,0,0,0,0,0
TOC7_RS18595,0,0,1,0,0,0,0,0
GO985_RS12215,0,0,1,0,0,0,0,0
THIX_RS09545,0,0,1,0,0,0,0,0
THI_RS12520,0,0,1,0,0,0,0,0
TINT_RS11765,0,0,1,0,0,0,0,0
BVH73_RS11555,0,0,1,0,0,0,0,0
GO970_RS14835,0,0,1,0,0,0,0,0
GO948_RS03840,0,0,1,0,0,0,0,0
TOC7_RS14935,0,0,1,0,0,0,0,0
GO985_RS15860,0,0,1,0,0,0,0,0
THIX_RS19660,0,0,1,0,0,0,0,0
THI_RS13885,0,0,1,0,0,0,0,0
TINT_RS13055,0,0,1,0,0,0,0,0
BVH73_RS10410,0,0,1,0,0,0,0,0
GO970_RS06175,0,0,1,0,0,0,0,0
GO948_RS12425,0,0,1,0,0,0,0,0
TOC7_RS06175,0,0,1,0,0,0,0,0
GO985_RS05895,0,0,1,0,0,0,0,0
THIX_RS20510,0,0,1,0,0,0,0,0
THI_RS17320,0,0,1,0,0,0,0,0
TINT_RS15755,0,0,1,0,0,0,0,0
BVH73_RS07960,0,0,1,0,0,0,0,0
GO970_RS09110,0,0,1,0,0,0,0,0
GO948_RS09505,0,0,1,0,0,0,0,0
TOC7_RS09125,0,0,1,0,0,0,0,0
GO985_RS02950,0,0,1,0,0,0,0,0
THIX_RS03285,0,0,1,0,0,0,0,0
THI_RS02955,0,0,1,0,0,0,0,0
TINT_RS02635,0,0,1,0,0,0,0,0
BVH73_RS05540,0,0,1,0,0,0,0,0
GO970_RS12915,0,0,1,0,0,0,0,0
GO948_RS05730,0,0,1,0,0,0,0,0
TOC7_RS12975,0,0,1,0,0,0,0,0
GO985_RS17770,0,0,1,0,0,0,0,0
THIX_RS05055,0,0,1,0,0,0,0,0
THI_RS12440,0,0,1,0,0,0,0,0
TINT_RS11685,0,0,1,0,0,0,0,0
BVH73_RS11635,0,0,1,0,0,0,0,0
GO970_RS14915,0,0,1,0,0,0,0,0
GO948_RS03760,0,0,1,0,0,0,0,0
TOC7_RS15015,0,0,1,0,0,0,0,0
GO985_RS15780,0,0,1,0,0,0,0,0
THIX_RS06230,0,0,1,0,0,0,0,0
THI_RS13700,0,0,1,0,0,0,0,0
TINT_RS12870,0,0,1,0,0,0,0,0
BVH73_RS10620,0,0,1,0,0,0,0,0
GO970_RS05985,0,0,1,0,0,0,0,0
GO948_RS12615,0,0,1,0,0,0,0,0
TOC7_RS05985,0,0,1,0,0,0,0,0
GO985_RS06085,0,0,1,0,0,0,0,0
THIX_RS13785,0,0,1,0,0,0,0,0
THI_RS15995,0,0,1,0,0,0,0,0
TINT_RS14540,0,0,1,0,0,0,0,0
BVH73_RS07110,0,0,1,0,0,0,0,0
GO970_RS07650,0,0,1,0,0,0,0,0
GO948_RS10950,0,0,1,0,0,0,0,0
TOC7_RS07670,0,0,1,0,0,0,0,0
GO985_RS04415,0,0,1,0,0,0,0,0
THIX_RS21450,0,0,1,0,0,0,0,0
THI_RS04865,0,0,1,0,0,0,0,0
TINT_RS04150,0,0,1,0,0,0,0,0
BVH73_RS03860,0,0,1,0,0,0,0,0
GO970_RS04770,0,0,1,0,0,0,0,0
GO948_RS13835,0,0,1,0,0,0,0,0
TOC7_RS04745,0,0,1,0,0,0,0,0
GO985_RS07290,0,0,1,0,0,0,0,0
THIX_RS20165,0,0,1,0,0,0,0,0
THI_RS07980,0,0,1,0,0,0,0,0
TINT_RS06935,0,0,1,0,0,0,0,0
BVH73_RS14850,0,0,1,0,0,0,0,0
GO970_RS01130,0,0,1,0,0,0,0,0
GO948_RS17460,0,0,1,0,0,0,0,0
TOC7_RS01120,0,0,1,0,0,0,0,0
GO985_RS10920,0,0,1,0,0,0,0,0
THIX_RS15030,0,0,1,0,0,0,0,0
THI_RS08275,0,0,1,0,0,0,0,0
TINT_RS07095,0,0,1,0,0,0,0,0
BVH73_RS15105,0,0,1,0,0,0,0,0
GO970_RS00860,0,0,1,0,0,0,0,0
GO948_RS17730,0,0,1,0,0,0,0,0
TOC7_RS00850,0,0,1,0,0,0,0,0
GO985_RS11190,0,0,1,0,0,0,0,0
THIX_RS09525,0,0,1,0,0,0,0,0
THI_RS04120,0,0,1,0,0,0,0,0
TINT_RS03610,0,0,1,0,0,0,0,0
BVH73_RS04435,0,0,1,0,0,0,0,0
GO970_RS14070,0,0,1,0,0,0,0,0
GO948_RS04575,0,0,1,0,0,0,0,0
TOC7_RS14130,0,0,1,0,0,0,0,0
GO985_RS16615,0,0,1,0,0,0,0,0
THIX_RS07575,0,0,1,0,0,0,0,0
THI_RS05130,0,0,1,0,0,0,0,0
TINT_RS04400,0,0,1,0,0,0,0,0
BVH73_RS12355,0,0,1,0,0,0,0,0
GO970_RS04515,0,0,1,0,0,0,0,0
GO948_RS14090,0,0,1,0,0,0,0,0
TOC7_RS04490,0,0,1,0,0,0,0,0
GO985_RS07545,0,0,1,0,0,0,0,0
THIX_RS06565,0,0,1,0,0,0,0,0
THI_RS07780,0,0,1,0,0,0,0,0
TINT_RS06880,0,0,1,0,0,0,0,0
BVH73_RS00220,0,0,1,0,0,0,0,0
GO970_RS01185,0,0,1,0,0,0,0,0
GO948_RS17405,0,0,1,0,0,0,0,0
TOC7_RS01175,0,0,1,0,0,0,0,0
GO985_RS10865,0,0,1,0,0,0,0,0
THIX_RS10590,0,0,1,0,0,0,0,0
THI_RS16105,0,0,1,0,0,0,0,0
TINT_RS14745,0,0,1,0,0,0,0,0
BVH73_RS07160,0,0,1,0,0,0,0,0
GO970_RS07700,0,0,1,0,0,0,0,0
GO948_RS10900,0,0,1,0,0,0,0,0
TOC7_RS07720,0,0,1,0,0,0,0,0
GO985_RS04365,0,0,1,0,0,0,0,0
THIX_RS07475,0,0,1,0,0,0,0,0
THI_RS00460,0,0,1,0,0,0,0,0
TINT_RS00430,0,0,1,0,0,0,0,0
BVH73_RS08970,0,0,1,0,0,0,0,0
GO970_RS09875,0,0,1,0,0,0,0,0
GO948_RS08765,0,0,1,0,0,0,0,0
TOC7_RS09885,0,0,1,0,0,0,0,0
GO985_RS02190,0,0,1,0,0,0,0,0
THIX_RS01450,0,0,1,0,0,0,0,0
THI_RS10090,0,0,1,0,0,0,0,0
TINT_RS08910,0,0,1,0,0,0,0,0
BVH73_RS13400,0,0,1,0,0,0,0,0
GO970_RS17925,0,0,1,0,0,0,0,0
GO948_RS00745,0,0,1,0,0,0,0,0
TOC7_RS18040,0,0,1,0,0,0,0,0
GO985_RS12770,0,0,1,0,0,0,0,0
THIX_RS15705,0,0,1,0,0,0,0,0
THI_RS11690,0,0,1,0,0,0,0,0
TINT_RS11050,0,0,1,0,0,0,0,0
BVH73_RS03635,0,0,1,0,0,0,0,0
GO970_RS15560,0,0,1,0,0,0,0,0
GO948_RS03115,0,0,1,0,0,0,0,0
TOC7_RS15660,0,0,1,0,0,0,0,0
GO985_RS15135,0,0,1,0,0,0,0,0
THIX_RS19895,0,0,1,0,0,0,0,0
THI_RS15105,0,0,1,0,0,0,0,0
TINT_RS13665,0,0,1,0,0,0,0,0
BVH73_RS09875,0,0,1,0,0,0,0,0
GO970_RS06765,0,0,1,0,0,0,0,0
GO948_RS11835,0,0,1,0,0,0,0,0
TOC7_RS06765,0,0,1,0,0,0,0,0
GO985_RS05305,0,0,1,0,0,0,0,0
THIX_RS04250,0,0,1,0,0,0,0,0
THI_RS15425,0,0,1,0,0,0,0,0
TINT_RS13985,0,0,1,0,0,0,0,0
BVH73_RS06515,0,0,1,0,0,0,0,0
GO970_RS07090,0,0,1,0,0,0,0,0
GO948_RS11510,0,0,1,0,0,0,0,0
TOC7_RS07090,0,0,1,0,0,0,0,0
GO985_RS04980,0,0,1,0,0,0,0,0
THIX_RS03195,0,0,1,0,0,0,0,0
THI_RS12500,0,0,1,0,0,0,0,0
TINT_RS11745,0,0,1,0,0,0,0,0
BVH73_RS11575,0,0,1,0,0,0,0,0
GO970_RS14855,0,0,1,0,0,0,0,0
GO948_RS03820,0,0,1,0,0,0,0,0
TOC7_RS14955,0,0,1,0,0,0,0,0
GO985_RS15840,0,0,1,0,0,0,0,0
THIX_RS06170,0,0,1,0,0,0,0,0
THI_RS14910,0,0,1,0,0,0,0,0
TINT_RS13495,0,0,1,0,0,0,0,0
BVH73_RS10075,0,0,1,0,0,0,0,0
GO970_RS06595,0,0,1,0,0,0,0,0
GO948_RS12005,0,0,1,0,0,0,0,0
TOC7_RS06595,0,0,1,0,0,0,0,0
GO985_RS05475,0,0,1,0,0,0,0,0
THIX_RS09800,0,0,1,0,0,0,0,0
THI_RS04420,0,0,1,0,0,0,0,0
TINT_RS03730,0,0,1,0,0,0,0,0
BVH73_RS04300,0,0,1,0,0,0,0,0
GO970_RS05170,0,0,1,0,0,0,0,0
GO948_RS13435,0,0,1,0,0,0,0,0
TOC7_RS05145,0,0,1,0,0,0,0,0
GO985_RS06890,0,0,1,0,0,0,0,0
THIX_RS08155,0,0,1,0,0,0,0,0
THI_RS05360,0,0,1,0,0,0,0,0
TINT_RS04620,0,0,1,0,0,0,0,0
BVH73_RS12590,0,0,1,0,0,0,0,0
GO970_RS04275,0,0,1,0,0,0,0,0
GO948_RS14330,0,0,1,0,0,0,0,0
TOC7_RS04250,0,0,1,0,0,0,0,0
GO985_RS07785,0,0,1,0,0,0,0,0
THIX_RS09550,0,0,1,0,0,0,0,0
THI_RS10990,0,0,1,0,0,0,0,0
TINT_RS10340,0,0,1,0,0,0,0,0
BVH73_RS02095,0,0,1,0,0,0,0,0
GO970_RS16245,0,0,1,0,0,0,0,0
GO948_RS02430,0,0,1,0,0,0,0,0
TOC7_RS16345,0,0,1,0,0,0,0,0
GO985_RS14450,0,0,1,0,0,0,0,0
THIX_RS17200,0,0,1,0,0,0,0,0
THI_RS00815,0,0,1,0,0,0,0,0
TINT_RS00790,0,0,1,0,0,0,0,0
BVH73_RS09390,0,0,1,0,0,0,0,0
GO970_RS10175,0,0,1,0,0,0,0,0
GO948_RS08465,0,0,1,0,0,0,0,0
TOC7_RS10200,0,0,1,0,0,0,0,0
GO985_RS01890,0,0,1,0,0,0,0,0
THIX_RS02920,0,0,1,0,0,0,0,0
THI_RS05205,0,0,1,0,0,0,0,0
TINT_RS04475,0,0,1,0,0,0,0,0
BVH73_RS12430,0,0,1,0,0,0,0,0
GO970_RS04430,0,0,1,0,0,0,0,0
GO948_RS14175,0,0,1,0,0,0,0,0
TOC7_RS04405,0,0,1,0,0,0,0,0
GO985_RS07630,0,0,1,0,0,0,0,0
THIX_RS05350,0,0,1,0,0,0,0,0
THI_RS15245,0,0,1,0,0,0,0,0
TINT_RS13805,0,0,1,0,0,0,0,0
BVH73_RS06315,0,0,1,0,0,0,0,0
GO970_RS06905,0,0,1,0,0,0,0,0
GO948_RS11695,0,0,1,0,0,0,0,0
TOC7_RS06905,0,0,1,0,0,0,0,0
GO985_RS05165,0,0,1,0,0,0,0,0
THIX_RS04110,0,0,1,0,0,0,0,0
THI_RS02620,0,0,1,0,0,0,0,0
TINT_RS02415,0,0,1,0,0,0,0,0
BVH73_RS02815,0,0,1,0,0,0,0,0
GO970_RS12745,0,0,1,0,0,0,0,0
GO948_RS05900,0,0,1,0,0,0,0,0
TOC7_RS12805,0,0,1,0,0,0,0,0
GO985_RS17940,0,0,1,0,0,0,0,0
THIX_RS19405,0,0,1,0,0,0,0,0
THI_RS05010,0,0,1,0,0,0,0,0
TINT_RS04280,0,0,1,0,0,0,0,0
BVH73_RS03770,0,0,1,0,0,0,0,0
GO970_RS04640,0,0,1,0,0,0,0,0
GO948_RS13965,0,0,1,0,0,0,0,0
TOC7_RS04615,0,0,1,0,0,0,0,0
GO985_RS07420,0,0,1,0,0,0,0,0
THIX_RS20045,0,0,1,0,0,0,0,0
THI_RS07770,0,0,1,0,0,0,0,0
TINT_RS06870,0,0,1,0,0,0,0,0
BVH73_RS00230,0,0,1,0,0,0,0,0
GO970_RS01195,0,0,1,0,0,0,0,0
GO948_RS17395,0,0,1,0,0,0,0,0
TOC7_RS01185,0,0,1,0,0,0,0,0
GO985_RS10855,0,0,1,0,0,0,0,0
THIX_RS10600,0,0,1,0,0,0,0,0
THI_RS12375,0,0,1,0,0,0,0,0
TINT_RS11620,0,0,1,0,0,0,0,0
BVH73_RS11700,0,0,1,0,0,0,0,0
GO970_RS14980,0,0,1,0,0,0,0,0
GO948_RS03695,0,0,1,0,0,0,0,0
TOC7_RS15080,0,0,1,0,0,0,0,0
GO985_RS15715,0,0,1,0,0,0,0,0
THIX_RS06280,0,0,1,0,0,0,0,0
THI_RS00180,0,0,1,0,0,0,0,0
TINT_RS00195,0,0,1,0,0,0,0,0
BVH73_RS08690,0,0,1,0,0,0,0,0
GO970_RS09645,0,0,1,0,0,0,0,0
GO948_RS08995,0,0,1,0,0,0,0,0
TOC7_RS09655,0,0,1,0,0,0,0,0
GO985_RS02420,0,0,1,0,0,0,0,0
THIX_RS02650,0,0,1,0,0,0,0,0
THI_RS00925,0,0,1,0,0,0,0,0
TINT_RS00900,0,0,1,0,0,0,0,0
BVH73_RS09520,0,0,1,0,0,0,0,0
GO970_RS10285,0,0,1,0,0,0,0,0
GO948_RS08355,0,0,1,0,0,0,0,0
TOC7_RS10310,0,0,1,0,0,0,0,0
GO985_RS01780,0,0,1,0,0,0,0,0
THIX_RS03355,0,0,1,0,0,0,0,0
THI_RS02670,0,0,1,0,0,0,0,0
TINT_RS02465,0,0,1,0,0,0,0,0
BVH73_RS02725,0,0,1,0,0,0,0,0
GO970_RS12805,0,0,1,0,0,0,0,0
GO948_RS05840,0,0,1,0,0,0,0,0
TOC7_RS12865,0,0,1,0,0,0,0,0
GO985_RS17880,0,0,1,0,0,0,0,0
THIX_RS08835,0,0,1,0,0,0,0,0
THI_RS07065,0,0,1,0,0,0,0,0
TINT_RS06115,0,0,1,0,0,0,0,0
BVH73_RS00370,0,0,1,0,0,0,0,0
GO970_RS01955,0,0,1,0,0,0,0,0
GO948_RS16635,0,0,1,0,0,0,0,0
TOC7_RS01945,0,0,1,0,0,0,0,0
GO985_RS10095,0,0,1,0,0,0,0,0
THIX_RS00565,0,0,1,0,0,0,0,0
THI_RS13670,0,0,1,0,0,0,0,0
TINT_RS12840,0,0,1,0,0,0,0,0
BVH73_RS10650,0,0,1,0,0,0,0,0
GO970_RS05955,0,0,1,0,0,0,0,0
GO948_RS12645,0,0,1,0,0,0,0,0
TOC7_RS05955,0,0,1,0,0,0,0,0
GO985_RS06115,0,0,1,0,0,0,0,0
THIX_RS10015,0,0,1,0,0,0,0,0
THI_RS11215,0,0,1,0,0,0,0,0
TINT_RS10565,0,0,1,0,0,0,0,0
BVH73_RS02315,0,0,1,0,0,0,0,0
GO970_RS16005,0,0,1,0,0,0,0,0
GO948_RS02670,0,0,1,0,0,0,0,0
TOC7_RS16105,0,0,1,0,0,0,0,0
GO985_RS14690,0,0,1,0,0,0,0,0
THIX_RS17350,0,0,1,0,0,0,0,0
THI_RS11700,0,0,1,0,0,0,0,0
TINT_RS11060,0,0,1,0,0,0,0,0
BVH73_RS03645,0,0,1,0,0,0,0,0
GO970_RS15550,0,0,1,0,0,0,0,0
GO948_RS03125,0,0,1,0,0,0,0,0
TOC7_RS15650,0,0,1,0,0,0,0,0
GO985_RS15145,0,0,1,0,0,0,0,0
THIX_RS19885,0,0,1,0,0,0,0,0
THI_RS12690,0,0,1,0,0,0,0,0
TINT_RS11870,0,0,1,0,0,0,0,0
BVH73_RS11455,0,0,1,0,0,0,0,0
GO970_RS14730,0,0,1,0,0,0,0,0
GO948_RS03945,0,0,1,0,0,0,0,0
TOC7_RS14830,0,0,1,0,0,0,0,0
GO985_RS15965,0,0,1,0,0,0,0,0
THIX_RS07170,0,0,1,0,0,0,0,0
THI_RS13990,0,0,1,0,0,0,0,0
TINT_RS13160,0,0,1,0,0,0,0,0
BVH73_RS10295,0,0,1,0,0,0,0,0
GO970_RS06285,0,0,1,0,0,0,0,0
GO948_RS12315,0,0,1,0,0,0,0,0
TOC7_RS06285,0,0,1,0,0,0,0,0
GO985_RS05785,0,0,1,0,0,0,0,0
THIX_RS03855,0,0,1,0,0,0,0,0
THI_RS04620,0,0,1,0,0,0,0,0
TINT_RS03915,0,0,1,0,0,0,0,0
BVH73_RS04095,0,0,1,0,0,0,0,0
GO970_RS05010,0,0,1,0,0,0,0,0
GO948_RS13595,0,0,1,0,0,0,0,0
TOC7_RS04985,0,0,1,0,0,0,0,0
GO985_RS07050,0,0,1,0,0,0,0,0
THIX_RS18600,0,0,1,0,0,0,0,0
THI_RS10570,0,0,1,0,0,0,0,0
TINT_RS09365,0,0,1,0,0,0,0,0
BVH73_RS01455,0,0,1,0,0,0,0,0
GO970_RS03110,0,0,1,0,0,0,0,0
GO948_RS15475,0,0,1,0,0,0,0,0
TOC7_RS03105,0,0,1,0,0,0,0,0
GO985_RS08935,0,0,1,0,0,0,0,0
THIX_RS13285,0,0,1,0,0,0,0,0
THI_RS01290,0,0,1,0,0,0,0,0
TINT_RS01200,0,0,1,0,0,0,0,0
BVH73_RS09730,0,1,0,0,0,0,0,0
GO970_RS10645,0,1,0,0,0,0,0,0
GO948_RS07990,0,1,0,0,0,0,0,0
TOC7_RS10675,0,1,0,0,0,0,0,0
GO985_RS01415,0,1,0,0,0,0,0,0
THIX_RS21990,0,1,0,0,0,0,0,0
THI_RS04770,0,1,0,0,0,0,0,0
TINT_RS04055,0,1,0,0,0,0,0,0
BVH73_RS03945,0,1,0,0,0,0,0,0
GO970_RS04865,0,1,0,0,0,0,0,0
GO948_RS13740,0,1,0,0,0,0,0,0
TOC7_RS04840,0,1,0,0,0,0,0,0
GO985_RS07195,0,1,0,0,0,0,0,0
THIX_RS20225,0,1,0,0,0,0,0,0
THI_RS06100,0,1,0,0,0,0,0,0
TINT_RS05280,0,1,0,0,0,0,0,0
BVH73_RS12980,0,1,0,0,0,0,0,0
GO970_RS03625,0,1,0,0,0,0,0,0
GO948_RS14980,0,1,0,0,0,0,0,0
TOC7_RS03600,0,1,0,0,0,0,0,0
GO985_RS08435,0,1,0,0,0,0,0,0
THIX_RS09485,0,1,0,0,0,0,0,0
THI_RS08090,0,1,0,0,0,0,0,0
TINT_RS08180,0,1,0,0,0,0,0,0
BVH73_RS14960,0,1,0,0,0,0,0,0
GO970_RS01030,0,1,0,0,0,0,0,0
GO948_RS17560,0,1,0,0,0,0,0,0
TOC7_RS01020,0,1,0,0,0,0,0,0
GO985_RS11020,0,1,0,0,0,0,0,0
THIX_RS05280,0,1,0,0,0,0,0,0
THI_RS09710,0,1,0,0,0,0,0,0
TINT_RS08535,0,1,0,0,0,0,0,0
BVH73_RS13785,0,1,0,0,0,0,0,0
GO970_RS18310,0,1,0,0,0,0,0,0
GO948_RS00360,0,1,0,0,0,0,0,0
TOC7_RS18425,0,1,0,0,0,0,0,0
GO985_RS12385,0,1,0,0,0,0,0,0
THIX_RS04840,0,1,0,0,0,0,0,0
THI_RS10230,0,1,0,0,0,0,0,0
TINT_RS09050,0,1,0,0,0,0,0,0
BVH73_RS01165,0,1,0,0,0,0,0,0
GO970_RS02775,0,1,0,0,0,0,0,0
GO948_RS15810,0,1,0,0,0,0,0,0
TOC7_RS02770,0,1,0,0,0,0,0,0
GO985_RS09270,0,1,0,0,0,0,0,0
THIX_RS15365,0,1,0,0,0,0,0,0
THI_RS11150,0,1,0,0,0,0,0,0
TINT_RS10500,0,1,0,0,0,0,0,0
BVH73_RS02250,0,1,0,0,0,0,0,0
GO970_RS16070,0,1,0,0,0,0,0,0
GO948_RS02605,0,1,0,0,0,0,0,0
TOC7_RS16170,0,1,0,0,0,0,0,0
GO985_RS14625,0,1,0,0,0,0,0,0
THIX_RS06555,0,1,0,0,0,0,0,0
THI_RS04765,0,1,0,0,0,0,0,0
TINT_RS04050,0,1,0,0,0,0,0,0
BVH73_RS03950,0,1,0,0,0,0,0,0
GO970_RS04870,0,1,0,0,0,0,0,0
GO948_RS13735,0,1,0,0,0,0,0,0
TOC7_RS04845,0,1,0,0,0,0,0,0
GO985_RS07190,0,1,0,0,0,0,0,0
THIX_RS20230,0,1,0,0,0,0,0,0
THI_RS05225,0,1,0,0,0,0,0,0
TINT_RS04490,0,1,0,0,0,0,0,0
BVH73_RS12445,0,1,0,0,0,0,0,0
GO970_RS04415,0,1,0,0,0,0,0,0
GO948_RS14190,0,1,0,0,0,0,0,0
TOC7_RS04390,0,1,0,0,0,0,0,0
GO985_RS07645,0,1,0,0,0,0,0,0
THIX_RS05365,0,1,0,0,0,0,0,0
THI_RS09965,0,1,0,0,0,0,0,0
TINT_RS08785,0,1,0,0,0,0,0,0
BVH73_RS13520,0,1,0,0,0,0,0,0
GO970_RS18055,0,1,0,0,0,0,0,0
GO948_RS00615,0,1,0,0,0,0,0,0
TOC7_RS18170,0,1,0,0,0,0,0,0
GO985_RS12640,0,1,0,0,0,0,0,0
THIX_RS13610,0,1,0,0,0,0,0,0
THI_RS12485,0,1,0,0,0,0,0,0
TINT_RS11730,0,1,0,0,0,0,0,0
BVH73_RS11590,0,1,0,0,0,0,0,0
GO970_RS14870,0,1,0,0,0,0,0,0
GO948_RS03805,0,1,0,0,0,0,0,0
TOC7_RS14970,0,1,0,0,0,0,0,0
GO985_RS15825,0,1,0,0,0,0,0,0
THIX_RS06185,0,1,0,0,0,0,0,0
THI_RS13545,0,1,0,0,0,0,0,0
TINT_RS12715,0,1,0,0,0,0,0,0
BVH73_RS10755,0,1,0,0,0,0,0,0
GO970_RS05835,0,1,0,0,0,0,0,0
GO948_RS12765,0,1,0,0,0,0,0,0
TOC7_RS05835,0,1,0,0,0,0,0,0
GO985_RS06235,0,1,0,0,0,0,0,0
THIX_RS07270,0,1,0,0,0,0,0,0
THI_RS12270,0,1,0,0,0,0,0,0
TINT_RS11515,0,1,0,0,0,0,0,0
BVH73_RS11810,0,1,0,0,0,0,0,0
GO970_RS15085,0,1,0,0,0,0,0,0
GO948_RS03590,0,1,0,0,0,0,0,0
TOC7_RS15185,0,1,0,0,0,0,0,0
GO985_RS15610,0,1,0,0,0,0,0,0
THIX_RS06385,0,1,0,0,0,0,0,0
THI_RS15765,0,1,0,0,0,0,0,0
TINT_RS14310,0,1,0,0,0,0,0,0
BVH73_RS06885,0,1,0,0,0,0,0,0
GO970_RS07420,0,1,0,0,0,0,0,0
GO948_RS11180,0,1,0,0,0,0,0,0
TOC7_RS07435,0,1,0,0,0,0,0,0
GO985_RS04645,0,1,0,0,0,0,0,0
THIX_RS05205,0,1,0,0,0,0,0,0
THI_RS05085,0,1,0,0,0,0,0,0
TINT_RS04355,0,1,0,0,0,0,0,0
BVH73_RS03690,0,1,0,0,0,0,0,0
GO970_RS04560,0,1,0,0,0,0,0,0
GO948_RS14045,0,1,0,0,0,0,0,0
TOC7_RS04535,0,1,0,0,0,0,0,0
GO985_RS07500,0,1,0,0,0,0,0,0
THIX_RS19965,0,1,0,0,0,0,0,0
THI_RS11800,0,1,0,0,0,0,0,0
TINT_RS11145,0,1,0,0,0,0,0,0
BVH73_RS12265,0,1,0,0,0,0,0,0
GO970_RS15455,0,1,0,0,0,0,0,0
GO948_RS03220,0,1,0,0,0,0,0,0
TOC7_RS15555,0,1,0,0,0,0,0,0
GO985_RS15240,0,1,0,0,0,0,0,0
THIX_RS19810,0,1,0,0,0,0,0,0
THI_RS15115,0,1,0,0,0,0,0,0
TINT_RS13675,0,1,0,0,0,0,0,0
BVH73_RS09865,0,1,0,0,0,0,0,0
GO970_RS06775,0,1,0,0,0,0,0,0
GO948_RS11825,0,1,0,0,0,0,0,0
TOC7_RS06775,0,1,0,0,0,0,0,0
GO985_RS05295,0,1,0,0,0,0,0,0
THIX_RS04260,0,1,0,0,0,0,0,0
THI_RS04775,0,1,0,0,0,0,0,0
TINT_RS04060,0,1,0,0,0,0,0,0
BVH73_RS03940,0,1,0,0,0,0,0,0
GO970_RS04860,0,1,0,0,0,0,0,0
GO948_RS13745,0,1,0,0,0,0,0,0
TOC7_RS04835,0,1,0,0,0,0,0,0
GO985_RS07200,0,1,0,0,0,0,0,0
THIX_RS20220,0,1,0,0,0,0,0,0
THI_RS05135,0,1,0,0,0,0,0,0
TINT_RS04405,0,1,0,0,0,0,0,0
BVH73_RS12360,0,1,0,0,0,0,0,0
GO970_RS04510,0,1,0,0,0,0,0,0
GO948_RS14095,0,1,0,0,0,0,0,0
TOC7_RS04485,0,1,0,0,0,0,0,0
GO985_RS07550,0,1,0,0,0,0,0,0
THIX_RS06570,0,1,0,0,0,0,0,0
THI_RS10240,0,1,0,0,0,0,0,0
TINT_RS09060,0,1,0,0,0,0,0,0
BVH73_RS01175,0,1,0,0,0,0,0,0
GO970_RS02785,0,1,0,0,0,0,0,0
GO948_RS15800,0,1,0,0,0,0,0,0
TOC7_RS02780,0,1,0,0,0,0,0,0
GO985_RS09260,0,1,0,0,0,0,0,0
THIX_RS15375,0,1,0,0,0,0,0,0
THI_RS13760,0,1,0,0,0,0,0,0
TINT_RS12930,0,1,0,0,0,0,0,0
BVH73_RS10560,0,1,0,0,0,0,0,0
GO970_RS06045,0,1,0,0,0,0,0,0
GO948_RS12555,0,1,0,0,0,0,0,0
TOC7_RS06045,0,1,0,0,0,0,0,0
GO985_RS06025,0,1,0,0,0,0,0,0
THIX_RS18235,0,1,0,0,0,0,0,0
THI_RS15965,0,1,0,0,0,0,0,0
TINT_RS14510,0,1,0,0,0,0,0,0
BVH73_RS07080,0,1,0,0,0,0,0,0
GO970_RS07620,0,1,0,0,0,0,0,0
GO948_RS10980,0,1,0,0,0,0,0,0
TOC7_RS07640,0,1,0,0,0,0,0,0
GO985_RS04445,0,1,0,0,0,0,0,0
THIX_RS21430,0,1,0,0,0,0,0,0
THI_RS17080,0,1,0,0,0,0,0,0
TINT_RS07665,0,1,0,0,0,0,0,0
BVH73_RS03035,0,1,0,0,0,0,0,0
GO970_RS12500,0,1,0,0,0,0,0,0
GO948_RS06130,0,1,0,0,0,0,0,0
TOC7_RS12555,0,1,0,0,0,0,0,0
GO985_RS18170,0,1,0,0,0,0,0,0
THIX_RS08370,0,1,0,0,0,0,0,0
THI_RS13430,0,1,0,0,0,0,0,0
TINT_RS12600,0,1,0,0,0,0,0,0
BVH73_RS10870,0,1,0,0,0,0,0,0
GO970_RS05720,0,1,0,0,0,0,0,0
GO948_RS12880,1,0,0,0,0,0,0,0
TOC7_RS05720,1,0,0,0,0,0,0,0
GO985_RS06350,1,0,0,0,0,0,0,0
THIX_RS05455,1,0,0,0,0,0,0,0
THI_RS14745,1,0,0,0,0,0,0,0
TINT_RS13355,1,0,0,0,0,0,0,0
BVH73_RS02535,1,0,0,0,0,0,0,0
GO970_RS06475,1,0,0,0,0,0,0,0
GO948_RS12125,1,0,0,0,0,0,0,0
TOC7_RS06475,1,0,0,0,0,0,0,0
GO985_RS05595,1,0,0,0,0,0,0,0
THIX_RS18165,1,0,0,0,0,0,0,0
THI_RS15480,1,0,0,0,0,0,0,0
TINT_RS14040,1,0,0,0,0,0,0,0
BVH73_RS06560,1,0,0,0,0,0,0,0
GO970_RS07150,1,0,0,0,0,0,0,0
GO948_RS11450,1,0,0,0,0,0,0,0
TOC7_RS07165,1,0,0,0,0,0,0,0
GO985_RS04915,1,0,0,0,0,0,0,0
THIX_RS02510,1,0,0,0,0,0,0,0
THI_RS01280,1,0,0,0,0,0,0,0
TINT_RS01190,1,0,0,0,0,0,0,0
BVH73_RS09720,1,0,0,0,0,0,0,0
GO970_RS10635,1,0,0,0,0,0,0,0
GO948_RS08000,1,0,0,0,0,0,0,0
TOC7_RS10665,1,0,0,0,0,0,0,0
GO985_RS01425,1,0,0,0,0,0,0,0
THIX_RS22005,1,0,0,0,0,0,0,0
THI_RS01870,1,0,0,0,0,0,0,0
TINT_RS01830,1,0,0,0,0,0,0,0
BVH73_RS05720,1,0,0,0,0,0,0,0
GO970_RS11420,1,0,0,0,0,0,0,0
GO948_RS07210,1,0,0,0,0,0,0,0
TOC7_RS11475,1,0,0,0,0,0,0,0
GO985_RS00640,1,0,0,0,0,0,0,0
THIX_RS04875,1,0,0,0,0,0,0,0
THI_RS04540,1,0,0,0,0,0,0,0
TINT_RS03835,1,0,0,0,0,0,0,0
BVH73_RS04185,1,0,0,0,0,0,0,0
GO970_RS05070,1,0,0,0,0,0,0,0
GO948_RS13535,1,0,0,0,0,0,0,0
TOC7_RS05045,1,0,0,0,0,0,0,0
GO985_RS06990,1,0,0,0,0,0,0,0
THIX_RS08170,1,0,0,0,0,0,0,0
THI_RS04730,1,0,0,0,0,0,0,0
TINT_RS04015,1,0,0,0,0,0,0,0
BVH73_RS03985,1,0,0,0,0,0,0,0
GO970_RS04910,1,0,0,0,0,0,0,0
GO948_RS13695,1,0,0,0,0,0,0,0
TOC7_RS04885,1,0,0,0,0,0,0,0
GO985_RS07150,1,0,0,0,0,0,0,0
THIX_RS13345,1,0,0,0,0,0,0,0
THI_RS07990,1,0,0,0,0,0,0,0
TINT_RS06945,1,0,0,0,0,0,0,0
BVH73_RS14860,1,0,0,0,0,0,0,0
GO970_RS01120,1,0,0,0,0,0,0,0
GO948_RS17470,1,0,0,0,0,0,0,0
TOC7_RS01110,1,0,0,0,0,0,0,0
GO985_RS10930,1,0,0,0,0,0,0,0
THIX_RS03565,1,0,0,0,0,0,0,0
THI_RS08720,1,0,0,0,0,0,0,0
TINT_RS07550,1,0,0,0,0,0,0,0
BVH73_RS00120,1,0,0,0,0,0,0,0
GO970_RS00400,1,0,0,0,0,0,0,0
GO948_RS18190,1,0,0,0,0,0,0,0
TOC7_RS00390,1,0,0,0,0,0,0,0
GO985_RS11645,1,0,0,0,0,0,0,0
THIX_RS01700,1,0,0,0,0,0,0,0
THI_RS12715,1,0,0,0,0,0,0,0
TINT_RS11895,1,0,0,0,0,0,0,0
BVH73_RS11425,1,0,0,0,0,0,0,0
GO970_RS14705,1,0,0,0,0,0,0,0
GO948_RS03970,1,0,0,0,0,0,0,0
TOC7_RS14805,1,0,0,0,0,0,0,0
GO985_RS15990,1,0,0,0,0,0,0,0
THIX_RS07145,1,0,0,0,0,0,0,0
THI_RS05095,1,0,0,0,0,0,0,0
TINT_RS04365,1,0,0,0,0,0,0,0
BVH73_RS03680,1,0,0,0,0,0,0,0
GO970_RS04550,1,0,0,0,0,0,0,0
GO948_RS14055,1,0,0,0,0,0,0,0
TOC7_RS04525,1,0,0,0,0,0,0,0
GO985_RS07510,1,0,0,0,0,0,0,0
THIX_RS19955,1,0,0,0,0,0,0,0
THI_RS03540,1,0,0,0,0,0,0,0
TINT_RS03050,1,0,0,0,0,0,0,0
BVH73_RS04950,1,0,0,0,0,0,0,0
GO970_RS13515,1,0,0,0,0,0,0,0
GO948_RS05130,1,0,0,0,0,0,0,0
TOC7_RS13575,1,0,0,0,0,0,0,0
GO985_RS17170,1,0,0,0,0,0,0,0
THIX_RS07515,1,0,0,0,0,0,0,0
THI_RS11565,1,0,0,0,0,0,0,0
TINT_RS10915,1,0,0,0,0,0,0,0
BVH73_RS03470,1,0,0,0,0,0,0,0
GO970_RS15625,1,0,0,0,0,0,0,0
GO948_RS03050,1,0,0,0,0,0,0,0
TOC7_RS15725,1,0,0,0,0,0,0,0
GO985_RS15070,1,0,0,0,0,0,0,0
THIX_RS17575,1,0,0,0,0,0,0,0
THI_RS07725,1,0,0,0,0,0,0,0
TINT_RS06825,1,0,0,0,0,0,0,0
BVH73_RS14590,1,0,0,0,0,0,0,0
GO970_RS01245,1,0,0,0,0,0,0,0
GO948_RS17345,1,0,0,0,0,0,0,0
TOC7_RS01235,1,0,0,0,0,0,0,0
GO985_RS10805,1,0,0,0,0,0,0,0
THIX_RS08275,1,0,0,0,0,0,0,0
THI_RS11885,1,0,0,0,0,0,0,0
TINT_RS11220,1,0,0,0,0,0,0,0
BVH73_RS12195,1,0,0,0,0,0,0,0
GO970_RS15385,1,0,0,0,0,0,0,0
GO948_RS03290,1,0,0,0,0,0,0,0
TOC7_RS15485,1,0,0,0,0,0,0,0
GO985_RS15310,1,0,0,0,0,0,0,0
THIX_RS05125,1,0,0,0,0,0,0,0
THI_RS08730,1,0,0,0,0,0,0,0
TINT_RS07560,1,0,0,0,0,0,0,0
BVH73_RS00130,1,0,0,0,0,0,0,0
GO970_RS00390,1,0,0,0,0,0,0,0
GO948_RS18200,1,0,0,0,0,0,0,0
TOC7_RS00380,1,0,0,0,0,0,0,0
GO985_RS11655,1,0,0,0,0,0,0,0
THIX_RS02840,1,0,0,0,0,0,0,0
THI_RS12740,1,0,0,0,0,0,0,0
TINT_RS11920,1,0,0,0,0,0,0,0
BVH73_RS11400,1,0,0,0,0,0,0,0
GO970_RS14680,1,0,0,0,0,0,0,0
GO948_RS03995,1,0,0,0,0,0,0,0
TOC7_RS14780,1,0,0,0,0,0,0,0
GO985_RS16015,1,0,0,0,0,0,0,0
THIX_RS07120,1,0,0,0,0,0,0,0
THI_RS15780,1,0,0,0,0,0,0,0
TINT_RS14325,1,0,0,0,0,0,0,0
BVH73_RS06900,1,0,0,0,0,0,0,0
GO970_RS07435,1,0,0,0,0,0,0,0
GO948_RS11165,1,0,0,0,0,0,0,0
TOC7_RS07450,1,0,0,0,0,0,0,0
GO985_RS04630,1,0,0,0,0,0,0,0
THIX_RS05760,1,0,0,0,0,0,0,0
THI_RS13520,1,0,0,0,0,0,0,0
TINT_RS12690,1,0,0,0,0,0,0,0
BVH73_RS10780,1,0,0,0,0,0,0,0
GO970_RS05810,1,0,0,0,0,0,0,0
GO948_RS12790,1,0,0,0,0,0,0,0
TOC7_RS05810,1,0,0,0,0,0,0,0
GO985_RS06260,1,0,0,0,0,0,0,0
THIX_RS07295,1,0,0,0,0,0,0,0
THI_RS13525,1,0,0,0,0,0,0,0
TINT_RS12695,1,0,0,0,0,0,0,0
BVH73_RS10775,1,0,0,0,0,0,0,0
GO970_RS05815,1,0,0,0,0,0,0,0
GO948_RS12785,1,0,0,0,0,0,0,0
TOC7_RS05815,1,0,0,0,0,0,0,0
GO985_RS06255,1,0,0,0,0,0,0,0
THIX_RS07290,1,0,0,0,0,0,0,0
THI_RS13625,1,0,0,0,0,0,0,0
TINT_RS12810,1,0,0,0,0,0,0,0
BVH73_RS10680,1,0,0,0,0,0,0,0
GO970_RS05915,1,0,0,0,0,0,0,0
GO948_RS12685,1,0,0,0,0,0,0,0
TOC7_RS05915,1,0,0,0,0,0,0,0
GO985_RS06155,1,0,0,0,0,0,0,0
THIX_RS08185,1,0,0,0,0,0,0,0
THI_RS04350,1,0,0,0,0,0,0,0
TINT_RS03660,1,0,0,0,0,0,0,0
BVH73_RS04380,1,0,0,0,0,0,0,0
GO970_RS05240,1,0,0,0,0,0,0,0
GO948_RS13365,1,0,0,0,0,0,0,0
TOC7_RS05215,1,0,0,0,0,0,0,0
GO985_RS06820,1,0,0,0,0,0,0,0
THIX_RS08075,1,0,0,0,0,0,0,0
THI_RS05110,1,0,0,0,0,0,0,0
TINT_RS04380,1,0,0,0,0,0,0,0
BVH73_RS03665,1,0,0,0,0,0,0,0
GO970_RS04535,1,0,0,0,0,0,0,0
GO948_RS14070,1,0,0,0,0,0,0,0
TOC7_RS04510,1,0,0,0,0,0,0,0
GO985_RS07525,1,0,0,0,0,0,0,0
THIX_RS19940,1,0,0,0,0,0,0,0
THI_RS05830,1,0,0,0,0,0,0,0
TINT_RS05105,1,0,0,0,0,0,0,0
BVH73_RS13205,1,0,0,0,0,0,0,0
GO970_RS03800,1,0,0,0,0,0,0,0
GO948_RS14805,1,0,0,0,0,0,0,0
TOC7_RS03775,1,0,0,0,0,0,0,0
GO985_RS08260,1,0,0,0,0,0,0,0
THIX_RS06845,1,0,0,0,0,0,0,0
THI_RS09955,1,0,0,0,0,0,0,0
TINT_RS08775,1,0,0,0,0,0,0,0
BVH73_RS13530,1,0,0,0,0,0,0,0
GO970_RS18065,1,0,0,0,0,0,0,0
GO948_RS00605,1,0,0,0,0,0,0,0
TOC7_RS18180,1,0,0,0,0,0,0,0
GO985_RS12630,1,0,0,0,0,0,0,0
THIX_RS13600,1,0,0,0,0,0,0,0
THI_RS12865,1,0,0,0,0,0,0,0
TINT_RS12045,1,0,0,0,0,0,0,0
BVH73_RS11295,1,0,0,0,0,0,0,0
GO970_RS14555,1,0,0,0,0,0,0,0
GO948_RS04120,1,0,0,0,0,0,0,0
TOC7_RS14655,1,0,0,0,0,0,0,0
GO985_RS16140,1,0,0,0,0,0,0,0
THIX_RS07010,1,0,0,0,0,0,0,0
THI_RS13590,1,0,0,0,0,0,0,0
TINT_RS12760,1,0,0,0,0,0,0,0
BVH73_RS10710,1,0,0,0,0,0,0,0
GO970_RS05880,1,0,0,0,0,0,0,0
GO948_RS12720,1,0,0,0,0,0,0,0
TOC7_RS05880,1,0,0,0,0,0,0,0
GO985_RS06190,1,0,0,0,0,0,0,0
THIX_RS07225,1,0,0,0,0,0,0,0
THI_RS09560,1,0,0,0,0,0,0,0
TINT_RS08385,1,0,0,0,0,0,0,0
BVH73_RS13960,1,0,0,0,0,0,0,0
GO970_RS18465,1,0,0,0,0,0,0,0
GO948_RS00205,1,0,0,0,0,0,0,0
TOC7_RS18580,1,0,0,0,0,0,0,0
GO985_RS12230,1,0,0,0,0,0,0,0
THIX_RS13815,1,0,0,0,0,0,0,0
THI_RS12695,1,0,0,0,0,0,0,0
TINT_RS11875,1,0,0,0,0,0,0,0
BVH73_RS11450,1,0,0,0,0,0,0,0
GO970_RS14725,1,0,0,0,0,0,0,0
GO948_RS03950,1,0,0,0,0,0,0,0
TOC7_RS14825,1,0,0,0,0,0,0,0
GO985_RS15970,1,0,0,0,0,0,0,0
THIX_RS07165,1,0,0,0,0,0,0,0
THI_RS15365,1,0,0,0,0,0,0,0
TINT_RS13925,1,0,0,0,0,0,0,0
BVH73_RS06435,1,0,0,0,0,0,0,0
GO970_RS07025,1,0,0,0,0,0,0,0
GO948_RS11575,1,0,0,0,0,0,0,0
TOC7_RS07025,1,0,0,0,0,0,0,0
GO985_RS05045,1,0,0,0,0,0,0,0
THIX_RS05565,1,0,0,0,0,0,0,0
THI_RS10085,1,0,0,0,0,0,0,0
TINT_RS08905,1,0,0,0,0,0,0,0
BVH73_RS13405,1,0,0,0,0,0,0,0
GO970_RS17930,1,0,0,0,0,0,0,0
GO948_RS00740,1,0,0,0,0,0,0,0
TOC7_RS18045,1,0,0,0,0,0,0,0
GO985_RS12765,1,0,0,0,0,0,0,0
THIX_RS15700,1,0,0,0,0,0,0,0
THI_RS10115,1,0,0,0,0,0,0,0
TINT_RS08935,1,0,0,0,0,0,0,0
BVH73_RS13375,1,0,0,0,0,0,0,0
GO970_RS17900,1,0,0,0,0,0,0,0
GO948_RS00770,1,0,0,0,0,0,0,0
TOC7_RS18015,1,0,0,0,0,0,0,0
GO985_RS12795,1,0,0,0,0,0,0,0
THIX_RS16680,1,0,0,0,0,0,0,0
THI_RS11100,1,0,0,0,0,0,0,0
TINT_RS10450,1,0,0,0,0,0,0,0
BVH73_RS02200,1,0,0,0,0,0,0,0
GO970_RS16130,1,0,0,0,0,0,0,0
GO948_RS02545,1,0,0,0,0,0,0,0
TOC7_RS16230,1,0,0,0,0,0,0,0
GO985_RS14565,1,0,0,0,0,0,0,0
THIX_RS01670,1,0,0,0,0,0,0,0
THI_RS14830,1,0,0,0,0,0,0,0
TINT_RS13415,1,0,0,0,0,0,0,0
BVH73_RS10190,1,0,0,0,0,0,0,0
GO970_RS06535,1,0,0,0,0,0,0,0
GO948_RS12065,1,0,0,0,0,0,0,0
TOC7_RS06535,1,0,0,0,0,0,0,0
GO985_RS05535,1,0,0,0,0,0,0,0
THIX_RS20425,1,0,0,0,0,0,0,0
THI_RS00855,1,0,0,0,0,0,0,0
TINT_RS00830,1,0,0,0,0,0,0,0
BVH73_RS09450,1,0,0,0,0,0,0,0
GO970_RS10215,1,0,0,0,0,0,0,0
GO948_RS08425,1,0,0,0,0,0,0,0
TOC7_RS10240,1,0,0,0,0,0,0,0
GO985_RS01850,1,0,0,0,0,0,0,0
THIX_RS11185,1,0,0,0,0,0,0,0
THI_RS12675,1,0,0,0,0,0,0,0
TINT_RS11855,1,0,0,0,0,0,0,0
BVH73_RS11470,1,0,0,0,0,0,0,0
GO970_RS14745,1,0,0,0,0,0,0,0
GO948_RS03930,1,0,0,0,0,0,0,0
TOC7_RS14845,1,0,0,0,0,0,0,0
GO985_RS15950,1,0,0,0,0,0,0,0
THIX_RS07185,1,0,0,0,0,0,0,0
THI_RS13665,1,0,0,0,0,0,0,0
TINT_RS12835,1,0,0,0,0,0,0,0
BVH73_RS10655,1,0,0,0,0,0,0,0
GO970_RS05950,1,0,0,0,0,0,0,0
GO948_RS12650,1,0,0,0,0,0,0,0
TOC7_RS05950,1,0,0,0,0,0,0,0
GO985_RS06120,1,0,0,0,0,0,0,0
THIX_RS13920,1,0,0,0,0,0,0,0
THI_RS15975,1,0,0,0,0,0,0,0
TINT_RS14520,1,0,0,0,0,0,0,0
BVH73_RS07090,1,0,0,0,0,0,0,0
GO970_RS07630,1,0,0,0,0,0,0,0
GO948_RS10970,1,0,0,0,0,0,0,0
TOC7_RS07650,1,0,0,0,0,0,0,0
GO985_RS04435,1,0,0,0,0,0,0,0
THIX_RS21440,1,0,0,0,0,0,0,0
THI_RS09690,1,0,0,0,0,0,0,0
TINT_RS08515,1,0,0,0,0,0,0,0
BVH73_RS13805,1,0,0,0,0,0,0,0
GO970_RS18330,1,0,0,0,0,0,0,0
GO948_RS00340,1,0,0,0,0,0,0,0
TOC7_RS18445,1,0,0,0,0,0,0,0
GO985_RS12365,1,0,0,0,0,0,0,0
THIX_RS06640,1,0,0,0,0,0,0,0
THI_RS11000,1,0,0,0,0,0,0,0
TINT_RS10350,1,0,0,0,0,0,0,0
BVH73_RS02105,1,0,0,0,0,0,0,0
GO970_RS16235,1,0,0,0,0,0,0,0
GO948_RS02440,1,0,0,0,0,0,0,0
TOC7_RS16335,1,0,0,0,0,0,0,0
GO985_RS14460,1,0,0,0,0,0,0,0
THIX_RS17525,1,0,0,0,0,0,0,0
THI_RS11830,1,0,0,0,0,0,0,0
TINT_RS11175,1,0,0,0,0,0,0,0
BVH73_RS12240,1,0,0,0,0,0,0,0
GO970_RS15430,1,0,0,0,0,0,0,0
GO948_RS03245,1,0,0,0,0,0,0,0
TOC7_RS15530,1,0,0,0,0,0,0,0
GO985_RS15265,1,0,0,0,0,0,0,0
THIX_RS19840,1,0,0,0,0,0,0,0
THI_RS04920,1,0,0,0,0,0,0,0
TINT_RS04205,1,0,0,0,0,0,0,0
BVH73_RS03805,1,0,0,0,0,0,0,0
GO970_RS04715,1,0,0,0,0,0,0,0
GO948_RS13890,1,0,0,0,0,0,0,0
TOC7_RS04690,1,0,0,0,0,0,0,0
GO985_RS07345,1,0,0,0,0,0,0,0
THIX_RS20115,1,0,0,0,0,0,0,0
